epoch,time,train/box_loss,train/cls_loss,train/dfl_loss,metrics/precision(B),metrics/recall(B),metrics/mAP50(B),metrics/mAP50-95(B),val/box_loss,val/cls_loss,val/dfl_loss,lr/pg0,lr/pg1,lr/pg2
1,6.1579,2.27694,9.64853,0.01971,0.00231,0.34127,0.00588,0.00213,1.98525,5.9816,0.01914,3.334e-05,3.334e-05,3.334e-05
2,7.23031,2.29357,9.76279,0.02625,0.00307,0.42619,0.00711,0.00292,1.95322,5.99399,0.01783,8.33084e-05,8.33084e-05,8.33084e-05
3,8.42084,2.11895,9.04381,0.0215,0.06653,0.07143,0.03131,0.01344,1.87813,5.77311,0.01732,0.000133227,0.000133227,0.000133227
4,9.59393,1.74315,7.50438,0.01143,0.42555,0.24504,0.29434,0.12374,1.78043,5.33153,0.0137,0.000183095,0.000183095,0.000183095
5,10.7439,1.46462,5.54457,0.00888,0.90629,0.31429,0.36665,0.15254,1.98297,5.67542,0.01726,0.000232914,0.000232914,0.000232914
6,11.9287,1.66491,5.0466,0.00977,0.93999,0.31422,0.46464,0.19969,1.96624,5.14783,0.01558,0.000282682,0.000282682,0.000282682
7,13.104,1.6328,4.15829,0.01207,0.82972,0.52,0.5678,0.28149,1.77331,4.19905,0.01386,0.000332401,0.000332401,0.000332401
8,14.3366,1.64346,3.41174,0.01216,0.44449,0.55238,0.47895,0.21904,1.80074,3.68608,0.01623,0.000382069,0.000382069,0.000382069
9,15.5322,1.5997,3.54731,0.01161,0.576,0.42169,0.4277,0.21277,1.81166,3.05341,0.01438,0.000431688,0.000431688,0.000431688
10,16.6957,1.68048,2.7498,0.01075,0.83433,0.34206,0.47089,0.23368,1.8711,2.47647,0.01535,0.000481257,0.000481257,0.000481257
11,17.8524,1.56753,2.52439,0.01131,0.72035,0.5254,0.56376,0.28409,1.86293,2.13089,0.01698,0.000530775,0.000530775,0.000530775
12,19.0336,1.6848,2.32169,0.01133,0.57297,0.49359,0.54329,0.29567,1.77222,1.9075,0.01685,0.000580244,0.000580244,0.000580244
13,20.1849,1.65557,2.17589,0.01111,0.53596,0.45275,0.48418,0.26544,1.81811,1.86403,0.01679,0.000629663,0.000629663,0.000629663
14,21.3014,1.74588,2.24746,0.01112,0.65078,0.46905,0.50752,0.23833,1.87146,1.95784,0.01876,0.000679032,0.000679032,0.000679032
15,22.4064,1.59783,2.22415,0.01529,0.55709,0.5254,0.51655,0.23272,1.95226,1.85427,0.01982,0.000728351,0.000728351,0.000728351
16,23.5385,1.78025,1.85314,0.01243,0.72501,0.54194,0.63658,0.26489,2.03652,1.70244,0.02095,0.00077762,0.00077762,0.00077762
17,24.6476,1.80676,1.71036,0.01148,0.49072,0.49762,0.49053,0.2097,1.95067,1.7879,0.01924,0.000826839,0.000826839,0.000826839
18,25.7763,1.63201,1.56547,0.01298,0.75837,0.43188,0.53577,0.24576,2.00331,1.56849,0.0204,0.000876008,0.000876008,0.000876008
19,26.9396,1.8009,1.754,0.01528,0.65875,0.42619,0.50772,0.24424,1.81929,1.76908,0.01702,0.000925127,0.000925127,0.000925127
20,28.1031,1.75317,1.65955,0.01535,0.40933,0.49762,0.46714,0.2299,1.90625,1.90768,0.01649,0.000974196,0.000974196,0.000974196
21,29.2402,1.70666,1.3354,0.01364,0.52388,0.48333,0.49977,0.24358,1.91328,1.68517,0.01946,0.00102321,0.00102321,0.00102321
22,30.3637,1.66746,1.32706,0.01301,0.76095,0.53889,0.57418,0.24521,2.0209,1.55704,0.02228,0.00107218,0.00107218,0.00107218
23,31.4838,1.66334,1.49178,0.01092,0.55606,0.4992,0.46559,0.18976,2.13848,2.21405,0.02104,0.0011211,0.0011211,0.0011211
24,32.6005,1.68569,1.48119,0.01087,0.50392,0.49683,0.46371,0.20519,2.05307,2.63178,0.02178,0.00116997,0.00116997,0.00116997
25,33.7408,1.7994,1.40234,0.01483,0.51553,0.48333,0.47252,0.21149,2.03865,2.69853,0.02277,0.00121879,0.00121879,0.00121879
26,34.9431,1.79419,1.47128,0.01571,0.49421,0.44206,0.46692,0.22162,2.09173,2.66762,0.02305,0.00126756,0.00126756,0.00126756
27,36.2095,1.57184,1.41607,0.01436,0.50298,0.47434,0.48567,0.21348,2.04959,3.1376,0.02168,0.00131628,0.00131628,0.00131628
28,37.4487,1.69891,1.47469,0.01521,0.38632,0.46984,0.4049,0.17907,2.17664,2.12576,0.0229,0.00136495,0.00136495,0.00136495
29,38.677,1.6473,1.26957,0.01316,0.46956,0.44206,0.4368,0.1838,2.10594,2.30803,0.02222,0.00141357,0.00141357,0.00141357
30,39.8712,1.77766,1.27041,0.01324,0.39452,0.35714,0.40706,0.16147,2.15191,2.74934,0.02045,0.00146214,0.00146214,0.00146214
31,40.9977,1.91465,1.27049,0.01458,0.37102,0.45556,0.37292,0.16939,2.06886,2.47815,0.02032,0.00151066,0.00151066,0.00151066
32,42.1981,1.7102,1.20077,0.01728,0.51313,0.48413,0.43333,0.18328,2.04197,2.40567,0.02083,0.00155913,0.00155913,0.00155913
33,43.3579,1.87541,1.50356,0.01715,0.47773,0.45246,0.41929,0.2043,1.95114,2.36208,0.01693,0.00160755,0.00160755,0.00160755
34,44.534,1.80448,1.23172,0.0119,0.44652,0.43669,0.42179,0.21426,2.08143,2.732,0.02378,0.00163952,0.00163952,0.00163952
35,45.6861,1.75068,1.11251,0.01293,0.41398,0.42698,0.43269,0.21809,2.02949,2.18219,0.0238,0.00163869,0.00163869,0.00163869
36,46.8323,1.81864,1.18164,0.01274,0.39665,0.49687,0.45908,0.22605,1.94181,1.72917,0.01995,0.00163786,0.00163786,0.00163786
37,47.9906,1.73934,1.1378,0.01452,0.37761,0.52589,0.45614,0.21716,1.92814,1.80627,0.0172,0.00163702,0.00163702,0.00163702
38,49.111,1.62401,1.09101,0.01373,0.38696,0.55476,0.47255,0.23667,1.81734,2.02006,0.0178,0.00163619,0.00163619,0.00163619
39,50.2549,1.65421,1.26231,0.01315,0.42524,0.41429,0.44593,0.22714,1.90587,2.11517,0.01939,0.00163536,0.00163536,0.00163536
40,51.4451,1.76071,1.06531,0.01464,0.48884,0.45556,0.46364,0.22877,1.86968,1.995,0.01956,0.00163453,0.00163453,0.00163453
41,52.6337,1.74674,1.18566,0.01223,0.48427,0.49456,0.46973,0.21559,1.93608,1.93157,0.02064,0.00163369,0.00163369,0.00163369
42,53.7671,1.74152,1.13645,0.01404,0.58743,0.45635,0.48261,0.23383,2.00211,1.59015,0.02045,0.00163286,0.00163286,0.00163286
43,54.9197,1.64256,1.10588,0.01111,0.47216,0.566,0.51756,0.24995,1.91533,1.71254,0.01947,0.00163203,0.00163203,0.00163203
44,56.0824,1.7332,1.3007,0.01418,0.51227,0.49841,0.50213,0.2204,1.93886,1.77517,0.01867,0.0016312,0.0016312,0.0016312
45,57.2073,1.66,1.01224,0.0123,0.5146,0.60235,0.51702,0.23967,1.87604,1.87325,0.01805,0.00163036,0.00163036,0.00163036
46,58.3577,1.5632,1.07689,0.01405,0.54877,0.56667,0.54594,0.25489,2.03039,1.57213,0.02062,0.00162953,0.00162953,0.00162953
47,59.5099,1.68624,1.09041,0.01253,0.44456,0.60952,0.533,0.24325,2.03321,1.54956,0.022,0.0016287,0.0016287,0.0016287
48,60.6324,1.75372,1.10918,0.01426,0.44294,0.55397,0.53452,0.2455,2.02871,1.55642,0.02113,0.00162786,0.00162786,0.00162786
49,61.7583,1.80495,1.17994,0.0139,0.63406,0.60492,0.60937,0.2621,2.09485,1.4883,0.02072,0.00162703,0.00162703,0.00162703
50,62.8808,1.73641,1.03663,0.01439,0.56438,0.65159,0.57649,0.25162,2.09288,1.56004,0.02155,0.0016262,0.0016262,0.0016262
51,64.0233,1.64191,0.95831,0.01283,0.47096,0.56825,0.50109,0.23618,1.97725,1.6873,0.01946,0.00162537,0.00162537,0.00162537
52,65.1456,1.63695,1.01322,0.01289,0.45424,0.59524,0.49241,0.23065,1.90119,1.71682,0.02203,0.00162453,0.00162453,0.00162453
53,66.2923,1.68099,1.11604,0.01628,0.64373,0.6373,0.58865,0.2542,1.94281,1.51488,0.02144,0.0016237,0.0016237,0.0016237
54,67.4223,1.59522,0.90719,0.01136,0.59578,0.65159,0.59826,0.26522,1.96227,1.51619,0.02017,0.00162287,0.00162287,0.00162287
55,68.5606,1.67209,0.89275,0.01262,0.50338,0.65159,0.54959,0.24623,1.77423,2.01611,0.01653,0.00162204,0.00162204,0.00162204
56,69.6969,1.56356,0.90364,0.01199,0.47348,0.58254,0.51761,0.25075,1.76932,2.14565,0.01546,0.0016212,0.0016212,0.0016212
57,70.8415,1.65352,0.9948,0.01145,0.50075,0.52698,0.50954,0.23168,1.86864,2.4336,0.01621,0.00162037,0.00162037,0.00162037
58,71.9769,1.61771,1.10369,0.01358,0.37171,0.55476,0.46848,0.20408,1.8496,3.08728,0.01717,0.00161954,0.00161954,0.00161954
59,73.1095,1.53652,1.08455,0.01406,0.31855,0.59603,0.45764,0.18734,1.92085,3.00455,0.01906,0.00161871,0.00161871,0.00161871
60,74.2413,1.5366,1.00128,0.01148,0.38979,0.35714,0.41733,0.19023,2.00341,2.80354,0.02049,0.00161787,0.00161787,0.00161787
61,75.361,1.58054,0.82082,0.01174,0.47537,0.44206,0.47268,0.21434,1.92368,2.18456,0.01919,0.00161704,0.00161704,0.00161704
62,76.5147,1.49736,0.89637,0.01043,0.4674,0.42698,0.39546,0.12781,2.37097,2.13769,0.02205,0.00161621,0.00161621,0.00161621
63,77.6339,1.72416,0.82215,0.0106,0.53608,0.49762,0.43519,0.15297,2.33344,1.87485,0.02392,0.00161537,0.00161537,0.00161537
64,78.7748,1.58766,0.82504,0.01231,0.54518,0.52519,0.53411,0.24992,2.07359,1.48431,0.02129,0.00161454,0.00161454,0.00161454
65,79.8997,1.55166,0.85159,0.01013,0.72385,0.48333,0.52935,0.26175,1.9757,1.48686,0.02012,0.00161371,0.00161371,0.00161371
66,81.0363,1.54478,0.98796,0.01273,0.42265,0.63571,0.46859,0.17374,2.31574,1.69911,0.0227,0.00161288,0.00161288,0.00161288
67,82.1476,1.65397,0.90166,0.01208,0.48287,0.56667,0.48675,0.17159,2.23674,1.65749,0.02183,0.00161204,0.00161204,0.00161204
68,83.2779,1.60509,0.75903,0.01287,0.47846,0.66429,0.54244,0.23368,2.01376,1.52304,0.01902,0.00161121,0.00161121,0.00161121
69,84.3909,1.58738,0.90691,0.0109,0.67096,0.53526,0.52932,0.23204,2.09322,1.51757,0.02021,0.00161038,0.00161038,0.00161038
70,85.5121,1.5999,0.84466,0.01253,0.65784,0.55572,0.54506,0.22136,2.15668,1.52517,0.02087,0.00160955,0.00160955,0.00160955
71,86.6311,1.55819,0.80556,0.01107,0.50961,0.64802,0.57519,0.25677,1.91119,1.4036,0.01874,0.00160871,0.00160871,0.00160871
72,87.779,1.49102,0.76406,0.01237,0.48839,0.62381,0.57893,0.26587,1.9722,1.43149,0.01887,0.00160788,0.00160788,0.00160788
73,88.932,1.55612,0.7632,0.01049,0.53115,0.61758,0.53956,0.26342,1.9492,1.36361,0.01908,0.00160705,0.00160705,0.00160705
74,90.0707,1.48859,0.74092,0.0104,0.70146,0.59966,0.6043,0.26491,1.95639,1.34896,0.01859,0.00160622,0.00160622,0.00160622
75,91.2103,1.47851,0.74783,0.0124,0.5714,0.69286,0.59173,0.27591,1.89981,1.43956,0.01846,0.00160538,0.00160538,0.00160538
76,92.3467,1.56952,0.76514,0.01031,0.58146,0.65794,0.57289,0.28957,1.83106,1.45572,0.01914,0.00160455,0.00160455,0.00160455
77,93.4818,1.61916,0.76222,0.01041,0.52018,0.6373,0.57102,0.29581,1.97827,1.40531,0.02035,0.00160372,0.00160372,0.00160372
78,94.6564,1.51778,0.82058,0.01051,0.64714,0.65238,0.62219,0.29768,2.03052,1.22248,0.02218,0.00160288,0.00160288,0.00160288
79,95.8177,1.50975,0.76185,0.01191,0.56832,0.74921,0.64817,0.33048,1.93464,1.26741,0.01926,0.00160205,0.00160205,0.00160205
80,96.964,1.47879,0.66425,0.00878,0.64663,0.73492,0.64516,0.34328,1.94694,1.20193,0.01777,0.00160122,0.00160122,0.00160122
81,98.1528,1.45854,0.69125,0.00978,0.64271,0.67937,0.64064,0.33283,1.8938,1.24313,0.01799,0.00160039,0.00160039,0.00160039
82,99.3228,1.68337,0.73616,0.01121,0.71133,0.65159,0.66189,0.34181,1.87195,1.19633,0.01764,0.00159955,0.00159955,0.00159955
83,100.469,1.56789,0.69904,0.01364,0.72048,0.62095,0.63846,0.32934,1.8127,1.20676,0.01687,0.00159872,0.00159872,0.00159872
84,101.607,1.44849,0.7346,0.0116,0.63406,0.60873,0.61622,0.32269,1.83829,1.25378,0.0173,0.00159789,0.00159789,0.00159789
85,102.719,1.48334,0.6826,0.00812,0.70036,0.6373,0.65292,0.34224,1.81221,1.16405,0.0169,0.00159706,0.00159706,0.00159706
86,103.84,1.4467,0.75729,0.00845,0.71239,0.66453,0.67484,0.36299,1.77825,1.18693,0.01717,0.00159622,0.00159622,0.00159622
87,104.999,1.4243,0.69381,0.01003,0.63604,0.66006,0.64224,0.33192,1.87006,1.19801,0.02032,0.00159539,0.00159539,0.00159539
88,106.146,1.34376,0.69384,0.00909,0.62158,0.66587,0.64797,0.30347,2.02669,1.10856,0.02178,0.00159456,0.00159456,0.00159456
89,107.316,1.5171,0.71573,0.01222,0.59552,0.67857,0.60931,0.26011,2.17525,1.20405,0.02221,0.00159373,0.00159373,0.00159373
90,108.469,1.5383,0.6663,0.00991,0.7387,0.58251,0.61622,0.30274,1.95626,1.28646,0.02094,0.00159289,0.00159289,0.00159289
91,109.628,1.44214,0.70554,0.01036,0.6396,0.60141,0.61669,0.30405,1.92159,1.28792,0.02097,0.00159206,0.00159206,0.00159206
92,110.807,1.42772,0.64103,0.00974,0.54132,0.6373,0.57405,0.26984,1.92122,1.3589,0.02161,0.00159123,0.00159123,0.00159123
93,111.94,1.31816,0.63531,0.00806,0.53829,0.72143,0.59718,0.27495,1.96716,1.30062,0.02228,0.00159039,0.00159039,0.00159039
94,113.073,1.35175,0.68362,0.00837,0.6371,0.65159,0.61577,0.28415,1.93703,1.19246,0.02151,0.00158956,0.00158956,0.00158956
95,114.218,1.36432,0.58449,0.00896,0.63677,0.6381,0.60323,0.28997,1.89045,1.14189,0.01913,0.00158873,0.00158873,0.00158873
96,115.367,1.42497,0.6208,0.00951,0.56325,0.73323,0.62148,0.2989,1.864,1.11701,0.01816,0.0015879,0.0015879,0.0015879
97,116.525,1.33393,0.65489,0.0094,0.63434,0.59603,0.59748,0.29543,1.8326,1.21488,0.01754,0.00158706,0.00158706,0.00158706
98,117.674,1.37005,0.67071,0.01142,0.54799,0.6381,0.59142,0.28273,1.98486,1.1896,0.01991,0.00158623,0.00158623,0.00158623
99,118.854,1.442,0.59881,0.00883,0.61233,0.64685,0.62706,0.30248,2.01729,1.24723,0.02094,0.0015854,0.0015854,0.0015854
100,120.038,1.50434,0.67071,0.00911,0.52715,0.67937,0.56108,0.27276,1.97792,1.23593,0.02039,0.00158457,0.00158457,0.00158457
101,121.217,1.39131,0.74741,0.00889,0.65412,0.58254,0.60198,0.29619,1.96055,1.173,0.02063,0.00158373,0.00158373,0.00158373
102,122.366,1.34923,0.73038,0.01047,0.59881,0.58254,0.5939,0.28668,1.97379,1.24641,0.02067,0.0015829,0.0015829,0.0015829
103,123.523,1.34145,0.55401,0.01059,0.70656,0.58254,0.60673,0.27573,1.98149,1.31376,0.01961,0.00158207,0.00158207,0.00158207
104,124.663,1.37415,0.59398,0.00894,0.70296,0.58254,0.63017,0.29486,1.96396,1.293,0.01891,0.00158124,0.00158124,0.00158124
105,125.794,1.37596,0.60548,0.00841,0.61669,0.67937,0.59511,0.30634,1.94279,1.25459,0.02085,0.0015804,0.0015804,0.0015804
106,126.948,1.34117,0.5956,0.00819,0.8045,0.61962,0.6493,0.3271,1.98005,1.22515,0.01996,0.00157957,0.00157957,0.00157957
107,128.089,1.34786,0.55751,0.00876,0.64531,0.63249,0.63279,0.30587,1.96866,1.29177,0.01919,0.00157874,0.00157874,0.00157874
108,129.239,1.34391,0.6565,0.00995,0.65456,0.59437,0.63022,0.29113,1.95902,1.25317,0.01891,0.0015779,0.0015779,0.0015779
109,130.396,1.33736,0.61245,0.00849,0.57551,0.62302,0.54183,0.27214,1.90976,1.34407,0.01897,0.00157707,0.00157707,0.00157707
110,131.569,1.402,0.73065,0.01187,0.65681,0.63651,0.59217,0.27985,1.86337,1.30635,0.01907,0.00157624,0.00157624,0.00157624
111,132.716,1.32551,0.61307,0.00871,0.62132,0.65159,0.58621,0.26991,1.92165,1.27907,0.01975,0.00157541,0.00157541,0.00157541
112,133.871,1.35145,0.59438,0.00854,0.65139,0.65159,0.63443,0.31478,1.89152,1.23669,0.01971,0.00157457,0.00157457,0.00157457
113,135.004,1.25619,0.54676,0.00872,0.74777,0.69365,0.67336,0.31896,1.90706,1.27543,0.01921,0.00157374,0.00157374,0.00157374
114,136.139,1.313,0.6393,0.00849,0.80661,0.67937,0.71685,0.31686,2.03006,1.2492,0.02129,0.00157291,0.00157291,0.00157291
115,137.284,1.50949,0.62698,0.00834,0.71193,0.67937,0.70229,0.29363,1.99772,1.24758,0.02181,0.00157208,0.00157208,0.00157208
116,138.435,1.28943,0.63227,0.00814,0.74634,0.62104,0.65785,0.28293,2.04675,1.29128,0.0213,0.00157124,0.00157124,0.00157124
117,139.581,1.37034,0.57927,0.00818,0.68364,0.60952,0.60535,0.28364,2.03034,1.29139,0.02152,0.00157041,0.00157041,0.00157041
118,140.775,1.36932,0.58403,0.00879,0.61626,0.58273,0.58821,0.29486,1.98588,1.18595,0.02042,0.00156958,0.00156958,0.00156958
119,141.833,1.27652,0.62873,0.00874,0.58278,0.66508,0.59157,0.29201,1.94365,1.12969,0.02025,0.00156875,0.00156875,0.00156875
120,142.823,1.45332,0.63738,0.01072,0.59811,0.73492,0.59816,0.29459,1.88726,1.12932,0.01951,0.00156791,0.00156791,0.00156791
121,144.113,1.25599,0.5794,0.00865,0.63943,0.73045,0.64937,0.3367,1.8746,1.14848,0.01829,0.00156708,0.00156708,0.00156708
122,145.367,1.37577,0.58779,0.00957,0.60184,0.77698,0.63998,0.32089,1.89608,1.23887,0.01845,0.00156625,0.00156625,0.00156625
123,146.503,1.29752,0.55434,0.00853,0.54491,0.72143,0.63386,0.29944,1.94795,1.25938,0.01944,0.00156541,0.00156541,0.00156541
124,147.749,1.11016,0.58561,0.0089,0.74819,0.56825,0.61185,0.28904,2.05039,1.22984,0.02172,0.00156458,0.00156458,0.00156458
125,148.905,1.35686,0.58501,0.01075,0.66963,0.65159,0.59763,0.27261,2.03208,1.19749,0.02355,0.00156375,0.00156375,0.00156375
126,149.999,1.37197,0.58885,0.01065,0.61366,0.69396,0.64692,0.28826,2.01061,1.15246,0.02298,0.00156292,0.00156292,0.00156292
127,151.144,1.31645,0.68845,0.00965,0.73717,0.62381,0.62549,0.27566,2.02388,1.1875,0.02179,0.00156208,0.00156208,0.00156208
128,152.211,1.33999,0.55879,0.00748,0.65986,0.68016,0.65591,0.27199,2.07924,1.24955,0.02052,0.00156125,0.00156125,0.00156125
129,153.286,1.36968,0.49692,0.00877,0.85592,0.66487,0.7025,0.31542,2.00675,1.34163,0.01969,0.00156042,0.00156042,0.00156042
130,154.357,1.25386,0.53441,0.00855,0.70317,0.7018,0.67452,0.32242,2.04463,1.26765,0.02195,0.00155959,0.00155959,0.00155959
131,155.446,1.27813,0.50613,0.00837,0.69108,0.66508,0.65896,0.30005,2.0643,1.20002,0.02236,0.00155875,0.00155875,0.00155875
132,156.523,1.20291,0.46695,0.00926,0.76375,0.67937,0.69105,0.2882,2.06799,1.21746,0.02038,0.00155792,0.00155792,0.00155792
133,157.619,1.28323,0.54987,0.0089,0.72042,0.66111,0.64734,0.28467,2.0088,1.2473,0.01728,0.00155709,0.00155709,0.00155709
134,158.733,1.30562,0.55332,0.00929,0.6848,0.62302,0.64482,0.28967,2.0517,1.24402,0.01902,0.00155626,0.00155626,0.00155626
135,159.833,1.25926,0.4938,0.0107,0.5511,0.6766,0.6219,0.25666,2.03191,1.20642,0.01889,0.00155542,0.00155542,0.00155542
136,160.92,1.30809,0.52472,0.00804,0.64931,0.5847,0.59721,0.27419,2.04028,1.26815,0.0193,0.00155459,0.00155459,0.00155459
137,162.026,1.46746,0.56466,0.01101,0.65443,0.56557,0.57243,0.28019,1.92796,1.23234,0.01861,0.00155376,0.00155376,0.00155376
138,163.14,1.28959,0.56252,0.00691,0.7207,0.59354,0.65873,0.3256,1.88218,1.18626,0.01852,0.00155292,0.00155292,0.00155292
139,164.258,1.24996,0.6243,0.0077,0.68357,0.69362,0.64221,0.3275,1.90366,1.20112,0.01799,0.00155209,0.00155209,0.00155209
140,165.407,1.18192,0.54342,0.00786,0.63095,0.67185,0.62562,0.32262,1.87574,1.15475,0.01854,0.00155126,0.00155126,0.00155126
141,166.491,1.18857,0.46525,0.00899,0.66793,0.69008,0.61316,0.32392,1.85485,1.1291,0.0178,0.00155043,0.00155043,0.00155043
142,167.587,1.22285,0.43037,0.00769,0.65923,0.6373,0.57285,0.28604,1.91974,1.24785,0.01823,0.00154959,0.00154959,0.00154959
143,168.69,1.19953,0.51966,0.00721,0.61995,0.6373,0.5435,0.26515,1.98859,1.24109,0.01948,0.00154876,0.00154876,0.00154876
144,169.794,1.15048,0.4583,0.00668,0.60704,0.62015,0.52977,0.24836,1.94391,1.41673,0.01882,0.00154793,0.00154793,0.00154793
145,171.008,1.25854,0.57135,0.00866,0.62763,0.58149,0.49602,0.23165,2.06109,1.39037,0.021,0.0015471,0.0015471,0.0015471
146,172.312,1.21631,0.52184,0.00845,0.61664,0.60952,0.54821,0.25826,1.95866,1.30202,0.01884,0.00154626,0.00154626,0.00154626
147,173.521,1.28975,0.53706,0.00943,0.61718,0.62381,0.61751,0.33169,1.83573,1.27095,0.01716,0.00154543,0.00154543,0.00154543
148,174.699,1.30832,0.58695,0.01331,0.72422,0.6381,0.67353,0.36012,1.82427,1.17548,0.01768,0.0015446,0.0015446,0.0015446
149,175.83,1.24347,0.50357,0.00845,0.71375,0.69365,0.69903,0.38273,1.82462,1.15602,0.01722,0.00154377,0.00154377,0.00154377
150,177.015,1.26254,0.49132,0.00877,0.81592,0.69365,0.70865,0.36631,1.8744,1.17813,0.01732,0.00154293,0.00154293,0.00154293
151,178.166,1.28824,0.48936,0.0114,0.71944,0.70459,0.67917,0.35412,1.92579,1.16441,0.01806,0.0015421,0.0015421,0.0015421
152,179.377,1.24729,0.567,0.0074,0.70768,0.70794,0.66001,0.35996,1.86376,1.18192,0.01693,0.00154127,0.00154127,0.00154127
153,180.584,1.26012,0.55809,0.00803,0.6974,0.72143,0.67726,0.36669,1.8529,1.05535,0.01737,0.00154043,0.00154043,0.00154043
154,181.792,1.23151,0.46673,0.00804,0.73901,0.6396,0.67271,0.36006,1.85728,1.13023,0.01832,0.0015396,0.0015396,0.0015396
155,182.945,1.14843,0.50821,0.00925,0.65508,0.65159,0.63332,0.32559,1.87857,1.21784,0.01817,0.00153877,0.00153877,0.00153877
156,184.113,1.12598,0.47384,0.00929,0.74445,0.58175,0.61663,0.31661,1.95598,1.191,0.01918,0.00153794,0.00153794,0.00153794
157,185.262,1.21671,0.45195,0.00794,0.61749,0.60727,0.58347,0.29844,1.94841,1.21577,0.0193,0.0015371,0.0015371,0.0015371
158,186.424,1.24665,0.48306,0.00727,0.61021,0.66587,0.59403,0.28965,1.94545,1.14358,0.02061,0.00153627,0.00153627,0.00153627
159,187.569,1.24293,0.53365,0.00783,0.67548,0.66587,0.60995,0.28863,1.92511,1.18881,0.02108,0.00153544,0.00153544,0.00153544
160,188.725,1.17297,0.4488,0.00737,0.62172,0.67937,0.59365,0.2877,1.96826,1.17114,0.0201,0.00153461,0.00153461,0.00153461
161,189.888,1.20648,0.47395,0.00707,0.64867,0.62321,0.60138,0.30017,1.94775,1.237,0.02045,0.00153377,0.00153377,0.00153377
162,191.034,1.23236,0.45042,0.01012,0.6833,0.62505,0.61548,0.31382,1.93048,1.19983,0.01973,0.00153294,0.00153294,0.00153294
163,192.18,1.28273,0.55998,0.01074,0.64533,0.70714,0.62039,0.3091,1.97378,1.17237,0.01925,0.00153211,0.00153211,0.00153211
164,193.318,1.28541,0.42585,0.00832,0.60906,0.7627,0.60729,0.26175,2.10114,1.2049,0.02018,0.00153128,0.00153128,0.00153128
165,194.458,1.27702,0.50409,0.0092,0.49617,0.67857,0.53761,0.23542,2.17792,1.25587,0.02054,0.00153044,0.00153044,0.00153044
166,195.607,1.27665,0.48602,0.00802,0.44642,0.72338,0.5695,0.25536,2.06537,1.38392,0.01892,0.00152961,0.00152961,0.00152961
167,196.728,1.30708,0.50851,0.00995,0.63607,0.60952,0.6163,0.28765,2.02486,1.2843,0.0184,0.00152878,0.00152878,0.00152878
168,197.87,1.16288,0.39527,0.00836,0.68034,0.58095,0.60923,0.29089,2.03785,1.25755,0.01805,0.00152794,0.00152794,0.00152794
169,199.018,1.15191,0.47524,0.00843,0.62479,0.60952,0.57464,0.28079,2.059,1.17592,0.01927,0.00152711,0.00152711,0.00152711
170,200.176,1.01892,0.41748,0.00718,0.60345,0.63637,0.59191,0.29353,1.94687,1.25265,0.01876,0.00152628,0.00152628,0.00152628
171,201.323,1.24501,0.48177,0.00833,0.75201,0.66508,0.6152,0.32064,1.92796,1.24916,0.01901,0.00152545,0.00152545,0.00152545
172,202.477,1.16821,0.52789,0.00627,0.75025,0.63651,0.6267,0.34247,1.92719,1.28535,0.01916,0.00152461,0.00152461,0.00152461
173,203.669,1.23314,0.46552,0.00656,0.7711,0.66387,0.65216,0.34267,1.94802,1.26338,0.01834,0.00152378,0.00152378,0.00152378
174,204.877,1.23976,0.50648,0.00713,0.7227,0.67647,0.65931,0.34197,1.86542,1.2584,0.01648,0.00152295,0.00152295,0.00152295
175,206.069,1.09495,0.37051,0.00667,0.70896,0.63651,0.60065,0.31431,1.90714,1.2521,0.01745,0.00152212,0.00152212,0.00152212
176,207.272,1.20331,0.44118,0.00659,0.67052,0.53889,0.58161,0.29129,1.93648,1.32918,0.01836,0.00152128,0.00152128,0.00152128
177,208.491,1.07557,0.49003,0.00652,0.53687,0.57649,0.56737,0.27624,1.99779,1.4633,0.02012,0.00152045,0.00152045,0.00152045
178,209.675,1.12701,0.48656,0.00831,0.49712,0.70714,0.57684,0.28495,1.97235,1.45344,0.02037,0.00151962,0.00151962,0.00151962
179,210.845,1.23274,0.43866,0.00828,0.5655,0.66222,0.59574,0.30469,1.8519,1.38559,0.01776,0.00151879,0.00151879,0.00151879
180,211.997,1.28486,0.47233,0.00709,0.556,0.68189,0.61558,0.323,1.8703,1.22135,0.01774,0.00151795,0.00151795,0.00151795
181,213.158,1.23923,0.4946,0.00786,0.62563,0.70714,0.63711,0.3289,1.87609,1.16253,0.01926,0.00151712,0.00151712,0.00151712
182,214.302,1.12014,0.45754,0.00661,0.63552,0.6828,0.64204,0.32896,1.84123,1.19411,0.01834,0.00151629,0.00151629,0.00151629
183,215.452,1.16435,0.48266,0.00801,0.74504,0.65159,0.69007,0.35225,1.82596,1.1463,0.01872,0.00151545,0.00151545,0.00151545
184,216.58,1.20262,0.49729,0.00886,0.79834,0.6557,0.71212,0.37565,1.81583,1.05685,0.01843,0.00151462,0.00151462,0.00151462
185,217.762,1.24205,0.55685,0.0076,0.68485,0.60952,0.61006,0.32278,1.80187,1.1261,0.01853,0.00151379,0.00151379,0.00151379
186,218.959,1.3505,0.4882,0.00994,0.85142,0.58175,0.61197,0.32254,1.8471,1.23899,0.01888,0.00151296,0.00151296,0.00151296
187,220.145,1.02139,0.3819,0.00833,0.7544,0.6373,0.61312,0.30731,1.97199,1.20734,0.02051,0.00151212,0.00151212,0.00151212
188,221.361,1.08514,0.39109,0.00639,0.76749,0.64927,0.64906,0.30191,2.0183,1.30362,0.02096,0.00151129,0.00151129,0.00151129
189,222.603,1.15998,0.44402,0.00686,0.75011,0.6731,0.66548,0.32887,1.96153,1.24542,0.01995,0.00151046,0.00151046,0.00151046
190,223.762,1.12775,0.44464,0.00798,0.7952,0.66587,0.66207,0.3286,1.88631,1.20763,0.01835,0.00150963,0.00150963,0.00150963
191,224.91,1.26476,0.47151,0.0062,0.67108,0.6381,0.59952,0.2936,1.91127,1.24078,0.01831,0.00150879,0.00150879,0.00150879
192,226.069,1.3494,0.53386,0.00813,0.71824,0.65911,0.64681,0.335,1.91633,1.19536,0.01852,0.00150796,0.00150796,0.00150796
193,227.233,1.17534,0.48603,0.00804,0.62989,0.69365,0.6119,0.32307,1.86276,1.16407,0.01737,0.00150713,0.00150713,0.00150713
194,228.366,1.18465,0.49324,0.00618,0.68079,0.7301,0.65636,0.327,1.81433,1.18859,0.01723,0.0015063,0.0015063,0.0015063
195,229.521,1.23946,0.49267,0.00739,0.67503,0.74921,0.64408,0.31843,1.83156,1.21961,0.01733,0.00150546,0.00150546,0.00150546
196,230.67,1.06589,0.4909,0.00767,0.71998,0.70714,0.6507,0.31242,1.88486,1.2673,0.0182,0.00150463,0.00150463,0.00150463
197,231.833,1.13158,0.48294,0.00838,0.66874,0.73492,0.63055,0.30786,1.87344,1.26509,0.01695,0.0015038,0.0015038,0.0015038
198,233.064,1.20814,0.45477,0.00697,0.73164,0.67937,0.62954,0.31577,1.85819,1.23662,0.01616,0.00150296,0.00150296,0.00150296
199,234.269,1.18095,0.42565,0.00908,0.67148,0.69365,0.63259,0.31932,1.83168,1.18817,0.01595,0.00150213,0.00150213,0.00150213
200,235.422,1.05106,0.45982,0.00667,0.65484,0.70714,0.62294,0.32447,1.87022,1.175,0.01679,0.0015013,0.0015013,0.0015013
201,236.56,1.17645,0.58672,0.00643,0.71227,0.71527,0.67052,0.3248,1.87236,1.17532,0.01734,0.00150047,0.00150047,0.00150047
202,237.768,1.21309,0.42235,0.00725,0.72099,0.7972,0.67647,0.31525,1.85843,1.15379,0.01731,0.00149963,0.00149963,0.00149963
203,239.003,1.053,0.42409,0.00655,0.68298,0.80137,0.67045,0.31036,1.8445,1.20398,0.01692,0.0014988,0.0014988,0.0014988
204,240.215,1.0584,0.42442,0.00605,0.79459,0.69286,0.66954,0.3273,1.82162,1.2226,0.01758,0.00149797,0.00149797,0.00149797
205,241.411,1.0084,0.37035,0.00739,0.73955,0.73492,0.68485,0.34405,1.84392,1.21519,0.01742,0.00149714,0.00149714,0.00149714
206,242.585,1.03447,0.47561,0.0084,0.79324,0.67937,0.68752,0.35878,1.84913,1.23298,0.01727,0.0014963,0.0014963,0.0014963
207,243.748,1.127,0.42355,0.00657,0.64986,0.72143,0.66546,0.34453,1.88235,1.21131,0.0177,0.00149547,0.00149547,0.00149547
208,244.946,1.22755,0.46102,0.00872,0.6818,0.72143,0.67758,0.34753,1.87207,1.17779,0.01757,0.00149464,0.00149464,0.00149464
209,246.125,1.04829,0.38607,0.00733,0.74569,0.72143,0.72325,0.34935,1.93199,1.11736,0.01868,0.00149381,0.00149381,0.00149381
210,247.27,0.99095,0.49834,0.00711,0.78764,0.66587,0.70137,0.35043,1.9066,1.07559,0.01779,0.00149297,0.00149297,0.00149297
211,248.431,0.98997,0.51088,0.00788,0.64334,0.64399,0.57956,0.31352,1.85887,1.18606,0.01722,0.00149214,0.00149214,0.00149214
212,249.594,0.98206,0.41968,0.00632,0.59789,0.6373,0.54489,0.28734,1.83645,1.23278,0.0163,0.00149131,0.00149131,0.00149131
213,250.764,0.97808,0.4875,0.00689,0.6284,0.6373,0.59501,0.30006,1.87992,1.21648,0.01637,0.00149047,0.00149047,0.00149047
214,252.019,1.04018,0.42153,0.00628,0.67355,0.58722,0.59853,0.32255,1.88753,1.21387,0.01705,0.00148964,0.00148964,0.00148964
215,253.234,1.16835,0.47692,0.00739,0.72164,0.62225,0.64807,0.3272,1.92357,1.17278,0.01787,0.00148881,0.00148881,0.00148881
216,254.406,0.99761,0.37177,0.00771,0.72354,0.72036,0.66144,0.32609,1.89938,1.14686,0.01805,0.00148798,0.00148798,0.00148798
217,255.573,1.08673,0.43324,0.0093,0.67043,0.75898,0.6732,0.32289,1.89714,1.16936,0.01802,0.00148714,0.00148714,0.00148714
218,256.711,1.15438,0.42804,0.00799,0.62516,0.74841,0.70848,0.33371,1.95171,1.16391,0.0185,0.00148631,0.00148631,0.00148631
219,257.847,1.19545,0.44595,0.00704,0.82855,0.58552,0.70293,0.32861,1.99298,1.23856,0.01894,0.00148548,0.00148548,0.00148548
220,258.995,1.03048,0.4461,0.00562,0.78702,0.56746,0.66389,0.31506,2.03013,1.24318,0.01981,0.00148465,0.00148465,0.00148465
221,260.145,1.0193,0.40207,0.0071,0.73522,0.63015,0.68781,0.31391,2.05731,1.26346,0.01856,0.00148381,0.00148381,0.00148381
222,261.308,1.05407,0.42048,0.00662,0.72388,0.67937,0.68018,0.30457,2.03608,1.29798,0.01776,0.00148298,0.00148298,0.00148298
223,262.481,1.1528,0.51688,0.00623,0.77822,0.6338,0.65457,0.32331,1.9934,1.40697,0.0169,0.00148215,0.00148215,0.00148215
224,263.653,1.06436,0.49442,0.006,0.74831,0.63346,0.63361,0.30781,2.02114,1.44682,0.01634,0.00148132,0.00148132,0.00148132
225,264.799,1.13025,0.52649,0.00685,0.70337,0.61932,0.61661,0.29745,2.00088,1.50026,0.0161,0.00148048,0.00148048,0.00148048
226,265.988,1.13153,0.43693,0.00646,0.61676,0.60952,0.59377,0.3184,1.89287,1.42398,0.01659,0.00147965,0.00147965,0.00147965
227,267.156,1.03034,0.37139,0.00667,0.71089,0.62381,0.62224,0.31678,1.87252,1.32226,0.01641,0.00147882,0.00147882,0.00147882
228,268.307,1.11863,0.51675,0.00738,0.73245,0.58569,0.6291,0.31795,1.94197,1.31927,0.01643,0.00147798,0.00147798,0.00147798
229,269.493,1.09227,0.43118,0.00675,0.79838,0.53968,0.65387,0.31518,1.90421,1.25405,0.01588,0.00147715,0.00147715,0.00147715
230,270.67,1.07274,0.418,0.00568,0.61949,0.69365,0.67477,0.34948,1.91761,1.12651,0.01608,0.00147632,0.00147632,0.00147632
231,271.835,1.07452,0.48472,0.00659,0.5746,0.70714,0.63553,0.32024,1.89823,1.14981,0.0149,0.00147549,0.00147549,0.00147549
232,272.973,1.05496,0.39777,0.00702,0.64942,0.70069,0.64766,0.32979,1.90178,1.15531,0.01548,0.00147465,0.00147465,0.00147465
233,274.189,1.03552,0.38819,0.00619,0.66552,0.68838,0.63617,0.32621,1.89163,1.32862,0.01532,0.00147382,0.00147382,0.00147382
234,275.404,0.94823,0.36652,0.00668,0.62114,0.73492,0.6468,0.33695,1.86372,1.23848,0.01534,0.00147299,0.00147299,0.00147299
235,276.592,0.99232,0.38019,0.00584,0.63154,0.67937,0.62279,0.32236,1.90698,1.2628,0.01552,0.00147216,0.00147216,0.00147216
236,277.778,1.0179,0.42531,0.00518,0.69383,0.59375,0.59656,0.30699,1.99182,1.20497,0.01813,0.00147132,0.00147132,0.00147132
237,278.911,1.02534,0.42534,0.00613,0.63844,0.59524,0.55385,0.29886,1.97402,1.24097,0.0172,0.00147049,0.00147049,0.00147049
238,280.087,1.01792,0.44873,0.00589,0.62162,0.59524,0.55093,0.30144,1.93735,1.24918,0.01685,0.00146966,0.00146966,0.00146966
239,281.236,0.98674,0.3879,0.00621,0.61387,0.6373,0.57901,0.31054,1.91278,1.23968,0.01663,0.00146883,0.00146883,0.00146883
240,282.381,0.97151,0.38545,0.00715,0.62147,0.67789,0.56781,0.31756,1.89639,1.21246,0.01717,0.00146799,0.00146799,0.00146799
241,283.532,0.96152,0.45288,0.00775,0.63939,0.63651,0.56652,0.29944,1.95355,1.221,0.01745,0.00146716,0.00146716,0.00146716
242,284.649,1.06159,0.42954,0.00626,0.654,0.62222,0.5727,0.30993,1.97449,1.17672,0.01786,0.00146633,0.00146633,0.00146633
243,285.787,1.11667,0.41676,0.00651,0.60776,0.60873,0.58719,0.31789,1.92068,1.20046,0.01781,0.00146549,0.00146549,0.00146549
244,286.907,0.96653,0.37595,0.00592,0.61447,0.60952,0.6303,0.32398,1.92153,1.23609,0.01783,0.00146466,0.00146466,0.00146466
245,288.058,0.97401,0.42419,0.00534,0.60981,0.66587,0.64975,0.32149,1.97865,1.18795,0.0188,0.00146383,0.00146383,0.00146383
246,289.169,0.98228,0.4191,0.00494,0.82156,0.55231,0.61525,0.3231,1.93474,1.21752,0.01844,0.001463,0.001463,0.001463
247,290.328,1.07525,0.37206,0.00677,0.92712,0.61032,0.65849,0.34477,1.90187,1.30718,0.01805,0.00146216,0.00146216,0.00146216
248,291.482,0.98314,0.43848,0.00519,0.90117,0.61032,0.6592,0.35598,1.82428,1.28969,0.01734,0.00146133,0.00146133,0.00146133
249,292.635,1.11853,0.43738,0.00755,0.77961,0.60943,0.64504,0.36015,1.8107,1.32681,0.01703,0.0014605,0.0014605,0.0014605
250,293.82,1.1742,0.44505,0.00703,0.79049,0.57771,0.63808,0.34265,1.80177,1.32734,0.01714,0.00145967,0.00145967,0.00145967
251,295,1.02708,0.39058,0.00681,0.7429,0.62302,0.62728,0.35568,1.83338,1.27159,0.01749,0.00145883,0.00145883,0.00145883
252,296.235,0.96812,0.43157,0.00581,0.64836,0.65503,0.62441,0.35144,1.85568,1.30235,0.01779,0.001458,0.001458,0.001458
253,297.419,0.94558,0.42956,0.00511,0.79933,0.58016,0.61306,0.33102,1.85986,1.33146,0.01831,0.00145717,0.00145717,0.00145717
254,298.598,0.91115,0.43757,0.00605,0.74066,0.60579,0.60707,0.3223,1.90916,1.25453,0.01883,0.00145634,0.00145634,0.00145634
255,299.759,1.00272,0.37858,0.00601,0.71673,0.56778,0.59597,0.31747,1.89707,1.29092,0.01896,0.0014555,0.0014555,0.0014555
256,300.922,0.95757,0.36291,0.00504,0.56308,0.70714,0.6442,0.32057,1.89195,1.25093,0.01824,0.00145467,0.00145467,0.00145467
257,302.099,0.95327,0.36669,0.00496,0.6538,0.66587,0.63859,0.32472,1.89023,1.29422,0.01717,0.00145384,0.00145384,0.00145384
258,303.324,1.04316,0.35453,0.00638,0.69085,0.67191,0.66436,0.31786,1.92314,1.26841,0.01695,0.001453,0.001453,0.001453
259,304.527,0.99874,0.33392,0.00609,0.69334,0.67937,0.65559,0.33718,1.89266,1.21247,0.01657,0.00145217,0.00145217,0.00145217
260,305.695,0.91117,0.43384,0.00541,0.65086,0.69286,0.65133,0.34229,1.99819,1.08872,0.01692,0.00145134,0.00145134,0.00145134
261,306.837,1.04763,0.40687,0.00631,0.69494,0.72063,0.67758,0.34677,2.03337,1.10969,0.01743,0.00145051,0.00145051,0.00145051
262,307.993,0.99708,0.48237,0.0063,0.71285,0.72015,0.64926,0.33374,2.00081,1.12321,0.01783,0.00144967,0.00144967,0.00144967
263,309.131,0.94404,0.3379,0.00601,0.75503,0.73242,0.68173,0.34205,1.93537,1.14094,0.01768,0.00144884,0.00144884,0.00144884
264,310.283,0.91011,0.37064,0.0048,0.7413,0.72995,0.68005,0.33487,1.96158,1.14465,0.01842,0.00144801,0.00144801,0.00144801
265,311.483,0.93753,0.34765,0.00834,0.80216,0.70293,0.68269,0.32196,2.01104,1.21048,0.01814,0.00144718,0.00144718,0.00144718
266,312.655,0.92497,0.34462,0.00492,0.71765,0.67977,0.60843,0.3048,2.02663,1.29803,0.01793,0.00144634,0.00144634,0.00144634
267,313.808,1.00374,0.35017,0.00501,0.66947,0.66236,0.59178,0.28819,2.04081,1.20146,0.01851,0.00144551,0.00144551,0.00144551
268,314.976,1.00628,0.33634,0.00599,0.66384,0.67937,0.63022,0.30717,1.9815,1.14577,0.01831,0.00144468,0.00144468,0.00144468
269,316.121,0.94062,0.31448,0.00499,0.74665,0.66746,0.65334,0.32931,1.95126,1.11534,0.01787,0.00144385,0.00144385,0.00144385
270,317.261,0.90284,0.33218,0.00506,0.79391,0.66136,0.67927,0.34315,1.92237,1.08596,0.01723,0.00144301,0.00144301,0.00144301
271,318.405,0.98762,0.37303,0.00589,0.70734,0.61816,0.61644,0.3332,1.95562,1.18527,0.01719,0.00144218,0.00144218,0.00144218
272,319.524,0.89151,0.34736,0.00446,0.76178,0.56587,0.63692,0.33108,1.96022,1.24881,0.0175,0.00144135,0.00144135,0.00144135
273,320.658,0.92718,0.35609,0.00545,0.68393,0.65846,0.66324,0.34198,1.97898,1.17733,0.01777,0.00144051,0.00144051,0.00144051
274,321.865,0.79813,0.34116,0.00528,0.7833,0.60727,0.65574,0.33595,1.94543,1.14424,0.01763,0.00143968,0.00143968,0.00143968
275,323.134,0.8768,0.30348,0.00461,0.70971,0.65293,0.65871,0.34168,1.94221,1.13204,0.01837,0.00143885,0.00143885,0.00143885
276,324.367,0.86624,0.32305,0.00524,0.7552,0.67276,0.65691,0.32559,1.98918,1.10673,0.02029,0.00143802,0.00143802,0.00143802
277,325.546,0.92251,0.33743,0.0065,0.66759,0.64231,0.63077,0.31164,2.01611,1.17744,0.01981,0.00143718,0.00143718,0.00143718
278,326.703,1.05565,0.41821,0.00659,0.69729,0.62381,0.63426,0.31416,2.0573,1.10584,0.01958,0.00143635,0.00143635,0.00143635
279,327.901,0.86782,0.38001,0.00481,0.7348,0.60952,0.62615,0.32157,2.02044,1.06584,0.01926,0.00143552,0.00143552,0.00143552
280,329.078,0.98804,0.47843,0.00506,0.69954,0.73413,0.67245,0.32797,1.9994,1.03106,0.01853,0.00143469,0.00143469,0.00143469
281,330.273,1.03319,0.4374,0.00573,0.77676,0.64016,0.67892,0.33193,1.99851,0.99733,0.01886,0.00143385,0.00143385,0.00143385
282,331.446,1.06216,0.36861,0.00527,0.78656,0.62254,0.67902,0.34215,1.92634,1.02333,0.01859,0.00143302,0.00143302,0.00143302
283,332.65,0.92875,0.35992,0.00464,0.66303,0.70517,0.68914,0.36285,1.96679,1.11056,0.01919,0.00143219,0.00143219,0.00143219
284,333.868,1.07985,0.43738,0.00558,0.78492,0.66673,0.68207,0.34812,1.97332,1.13788,0.01879,0.00143136,0.00143136,0.00143136
285,335.033,0.85225,0.34125,0.00471,0.72236,0.7063,0.69288,0.35438,1.9632,1.15831,0.01855,0.00143052,0.00143052,0.00143052
286,336.192,0.89616,0.32421,0.00505,0.74223,0.70714,0.7016,0.34187,1.99829,1.16118,0.01921,0.00142969,0.00142969,0.00142969
287,337.336,0.91472,0.40403,0.00542,0.68427,0.70714,0.70017,0.34336,2.00375,1.1693,0.01988,0.00142886,0.00142886,0.00142886
288,338.476,0.98322,0.36687,0.00529,0.74501,0.68124,0.69845,0.3343,1.9796,1.09597,0.0197,0.00142802,0.00142802,0.00142802
289,339.613,0.97069,0.41256,0.0053,0.66454,0.66796,0.673,0.329,1.96961,1.12506,0.01915,0.00142719,0.00142719,0.00142719
290,340.764,0.95259,0.33712,0.00666,0.78121,0.63373,0.69383,0.33945,1.94485,1.08402,0.01804,0.00142636,0.00142636,0.00142636
291,341.906,0.86077,0.36413,0.00589,0.81421,0.63275,0.69327,0.34984,1.89525,1.10913,0.01751,0.00142553,0.00142553,0.00142553
292,343.066,0.906,0.32519,0.0046,0.80696,0.6657,0.68437,0.3468,1.86805,1.11005,0.017,0.00142469,0.00142469,0.00142469
293,344.237,0.82038,0.32317,0.00461,0.81403,0.67937,0.68823,0.3532,1.83667,1.11359,0.0167,0.00142386,0.00142386,0.00142386
294,345.386,0.8107,0.34164,0.00431,0.71787,0.72143,0.71804,0.36013,1.85988,1.14458,0.01703,0.00142303,0.00142303,0.00142303
295,346.545,0.84925,0.30712,0.00524,0.71277,0.68965,0.68897,0.35049,1.89881,1.16068,0.01786,0.0014222,0.0014222,0.0014222
296,347.702,0.91645,0.35722,0.00609,0.74762,0.68986,0.67252,0.33279,1.90341,1.19091,0.0176,0.00142136,0.00142136,0.00142136
297,348.89,0.81767,0.3346,0.00564,0.72625,0.69306,0.67237,0.33122,1.88096,1.17785,0.01725,0.00142053,0.00142053,0.00142053
298,350.027,0.79114,0.27875,0.00448,0.69683,0.71903,0.67166,0.34623,1.86979,1.17548,0.01742,0.0014197,0.0014197,0.0014197
299,351.191,1.00633,0.36413,0.00475,0.70118,0.7346,0.65597,0.33109,1.88283,1.21904,0.01811,0.00141887,0.00141887,0.00141887
300,352.353,0.93744,0.35191,0.00555,0.61453,0.71644,0.61413,0.32296,1.89175,1.28606,0.01852,0.00141803,0.00141803,0.00141803
301,353.496,0.90497,0.33926,0.00604,0.59618,0.72143,0.61865,0.31448,1.89519,1.24529,0.01822,0.0014172,0.0014172,0.0014172
302,354.702,1.03821,0.39981,0.0065,0.61213,0.69344,0.61215,0.31876,1.87665,1.23896,0.01759,0.00141637,0.00141637,0.00141637
303,355.904,0.83959,0.34432,0.00481,0.68253,0.65652,0.63049,0.32805,1.8428,1.21832,0.01664,0.00141553,0.00141553,0.00141553
304,357.083,0.88915,0.41428,0.00501,0.63552,0.58845,0.57348,0.32136,1.84397,1.37693,0.01639,0.0014147,0.0014147,0.0014147
305,358.207,1.02624,0.36973,0.00593,0.62596,0.59563,0.57967,0.30959,1.8453,1.41077,0.016,0.00141387,0.00141387,0.00141387
306,359.452,0.97765,0.36636,0.00573,0.62342,0.64966,0.59308,0.29024,1.86743,1.29889,0.01609,0.00141304,0.00141304,0.00141304
307,360.682,0.96897,0.33333,0.00579,0.63015,0.63149,0.57272,0.26856,1.87137,1.29796,0.01629,0.0014122,0.0014122,0.0014122
308,361.899,0.95016,0.36797,0.00505,0.65351,0.60949,0.57785,0.28793,1.87228,1.30487,0.0166,0.00141137,0.00141137,0.00141137
309,363.075,0.94715,0.39565,0.00588,0.54097,0.66092,0.56107,0.28681,1.8911,1.35467,0.0165,0.00141054,0.00141054,0.00141054
310,364.298,0.91526,0.35451,0.00517,0.63939,0.67023,0.59508,0.30002,1.87646,1.26812,0.01652,0.00140971,0.00140971,0.00140971
311,365.48,0.85335,0.34451,0.00458,0.63273,0.68016,0.6069,0.29242,1.87674,1.28243,0.01717,0.00140887,0.00140887,0.00140887
312,366.623,0.88381,0.32393,0.00568,0.67536,0.68016,0.61055,0.29884,1.86437,1.34009,0.01588,0.00140804,0.00140804,0.00140804
313,367.757,0.94271,0.40177,0.00657,0.61674,0.75138,0.6298,0.31628,1.87553,1.30662,0.01578,0.00140721,0.00140721,0.00140721
314,368.896,0.89985,0.31572,0.00536,0.62577,0.76583,0.63878,0.32662,1.83217,1.2691,0.0157,0.00140638,0.00140638,0.00140638
315,370.038,0.92791,0.37936,0.00592,0.59389,0.74921,0.62738,0.32905,1.83588,1.2452,0.01612,0.00140554,0.00140554,0.00140554
316,371.206,0.91808,0.33773,0.00516,0.67993,0.67937,0.67531,0.35619,1.8946,1.09626,0.01842,0.00140471,0.00140471,0.00140471
317,372.367,0.93862,0.31177,0.00686,0.76588,0.72143,0.70869,0.36507,1.87105,1.08256,0.01834,0.00140388,0.00140388,0.00140388
318,373.531,0.95628,0.4232,0.00526,0.74301,0.73983,0.71538,0.37884,1.82845,1.06644,0.01735,0.00140304,0.00140304,0.00140304
319,374.701,0.86354,0.34636,0.00557,0.69328,0.76349,0.73505,0.36884,1.84231,1.05843,0.01712,0.00140221,0.00140221,0.00140221
320,375.863,0.84755,0.29189,0.00385,0.79533,0.73571,0.73152,0.35975,1.88616,1.03643,0.01779,0.00140138,0.00140138,0.00140138
321,377.014,0.80466,0.28474,0.00424,0.70289,0.80854,0.74288,0.34097,1.89752,1.06541,0.01902,0.00140055,0.00140055,0.00140055
322,378.155,0.92312,0.34094,0.00595,0.75287,0.67899,0.74023,0.34435,1.92269,1.09476,0.01818,0.00139971,0.00139971,0.00139971
323,379.296,1.05035,0.38494,0.0054,0.73734,0.69365,0.70647,0.33972,1.92924,1.11686,0.01707,0.00139888,0.00139888,0.00139888
324,380.463,0.8369,0.37874,0.00703,0.7334,0.69286,0.70915,0.3549,1.93415,1.14545,0.01731,0.00139805,0.00139805,0.00139805
325,381.628,0.91677,0.31509,0.00606,0.72847,0.72063,0.69544,0.35494,1.91578,1.12705,0.01701,0.00139722,0.00139722,0.00139722
326,382.771,0.91664,0.34219,0.00517,0.66932,0.77674,0.70365,0.36407,1.89494,1.0803,0.01712,0.00139638,0.00139638,0.00139638
327,383.925,0.85693,0.32122,0.00558,0.61787,0.73492,0.69224,0.374,1.8943,1.10087,0.01653,0.00139555,0.00139555,0.00139555
328,385.075,0.78608,0.34692,0.00525,0.64643,0.74046,0.65542,0.3523,1.90696,1.06799,0.01663,0.00139472,0.00139472,0.00139472
329,386.225,0.83546,0.25811,0.00442,0.63219,0.7249,0.66288,0.36496,1.90014,1.05053,0.0168,0.00139389,0.00139389,0.00139389
330,387.372,0.92641,0.33034,0.00598,0.8212,0.65159,0.68167,0.36676,1.88949,1.09721,0.01716,0.00139305,0.00139305,0.00139305
331,388.537,0.78497,0.30446,0.00466,0.83257,0.66587,0.71784,0.36133,1.91636,1.10916,0.0174,0.00139222,0.00139222,0.00139222
332,389.68,0.71149,0.26654,0.00456,0.72021,0.70522,0.69902,0.34273,1.93503,1.09556,0.01737,0.00139139,0.00139139,0.00139139
333,390.819,0.83724,0.3214,0.00541,0.62525,0.72515,0.67894,0.34032,1.93348,1.10111,0.01741,0.00139055,0.00139055,0.00139055
334,391.937,0.70229,0.30691,0.00456,0.66133,0.73553,0.66842,0.33751,1.89933,1.12444,0.01699,0.00138972,0.00138972,0.00138972
335,393.088,0.79669,0.27828,0.00442,0.75618,0.63394,0.65357,0.35396,1.87291,1.11258,0.01689,0.00138889,0.00138889,0.00138889
336,394.259,0.85624,0.31803,0.00466,0.70479,0.65238,0.65324,0.35368,1.82365,1.21865,0.01584,0.00138806,0.00138806,0.00138806
337,395.401,0.83452,0.2913,0.00563,0.62194,0.68016,0.6306,0.34978,1.81225,1.30012,0.0156,0.00138722,0.00138722,0.00138722
338,396.536,0.78045,0.35961,0.00675,0.68329,0.62381,0.62035,0.34892,1.81454,1.3083,0.01547,0.00138639,0.00138639,0.00138639
339,397.667,1.0227,0.33207,0.00604,0.69677,0.63726,0.62913,0.37187,1.79399,1.26019,0.01557,0.00138556,0.00138556,0.00138556
340,398.83,0.84481,0.3192,0.00564,0.74135,0.62273,0.62256,0.37083,1.81264,1.255,0.01641,0.00138473,0.00138473,0.00138473
341,399.947,0.77281,0.30677,0.00512,0.79106,0.56385,0.61241,0.34985,1.8425,1.3162,0.01669,0.00138389,0.00138389,0.00138389
342,401.049,0.87698,0.35324,0.00521,0.70225,0.6335,0.63077,0.35288,1.8171,1.34613,0.01645,0.00138306,0.00138306,0.00138306
343,402.207,0.88205,0.35187,0.00449,0.72886,0.63339,0.63999,0.35616,1.86241,1.24188,0.01708,0.00138223,0.00138223,0.00138223
344,403.364,0.90011,0.34183,0.00521,0.72896,0.68016,0.65561,0.36587,1.84464,1.22098,0.01663,0.0013814,0.0013814,0.0013814
345,404.547,0.81724,0.37227,0.00515,0.69453,0.68996,0.64724,0.35186,1.83109,1.19246,0.01638,0.00138056,0.00138056,0.00138056
346,405.735,0.83923,0.33461,0.00522,0.7069,0.66238,0.63179,0.34873,1.86445,1.15316,0.01819,0.00137973,0.00137973,0.00137973
347,406.966,0.85972,0.29577,0.00575,0.73547,0.71832,0.66465,0.3476,1.86111,1.1605,0.01821,0.0013789,0.0013789,0.0013789
348,408.235,0.85891,0.28753,0.00551,0.63862,0.70714,0.65113,0.36401,1.89067,1.14376,0.01777,0.00137806,0.00137806,0.00137806
349,409.434,0.92409,0.37446,0.00661,0.6832,0.73872,0.67816,0.36298,1.87592,1.19208,0.01757,0.00137723,0.00137723,0.00137723
350,410.582,0.79767,0.31499,0.00576,0.70811,0.70093,0.64827,0.32248,1.8639,1.25513,0.01684,0.0013764,0.0013764,0.0013764
351,411.751,0.74574,0.28665,0.00507,0.67279,0.65159,0.60777,0.29958,1.88168,1.26098,0.01656,0.00137557,0.00137557,0.00137557
352,412.906,0.83101,0.3036,0.00433,0.61626,0.71932,0.63147,0.30674,1.84742,1.30554,0.01567,0.00137473,0.00137473,0.00137473
353,414.063,0.78226,0.30905,0.00624,0.65152,0.66369,0.63092,0.29937,1.86281,1.26349,0.01622,0.0013739,0.0013739,0.0013739
354,415.275,0.84662,0.32625,0.00534,0.6913,0.67384,0.6427,0.30187,1.89459,1.16731,0.0174,0.00137307,0.00137307,0.00137307
355,416.455,0.81495,0.36631,0.00453,0.62463,0.70033,0.65109,0.31022,1.87581,1.20377,0.01755,0.00137224,0.00137224,0.00137224
356,417.597,0.75481,0.29473,0.00375,0.64355,0.70934,0.62019,0.30993,1.88956,1.1662,0.01777,0.0013714,0.0013714,0.0013714
357,418.757,0.82435,0.32695,0.00443,0.65039,0.741,0.63572,0.31693,1.91976,1.10089,0.01771,0.00137057,0.00137057,0.00137057
358,419.923,0.79524,0.34363,0.00571,0.63321,0.72519,0.62165,0.3129,1.90086,1.1475,0.01708,0.00136974,0.00136974,0.00136974
359,421.132,0.73456,0.30547,0.00503,0.65066,0.72143,0.63435,0.31617,1.88016,1.15832,0.01667,0.00136891,0.00136891,0.00136891
360,422.321,0.9009,0.33765,0.00496,0.68887,0.70998,0.6248,0.32925,1.87803,1.18735,0.01698,0.00136807,0.00136807,0.00136807
361,423.546,0.84139,0.32074,0.00543,0.59718,0.69286,0.62784,0.33701,1.87607,1.23108,0.01703,0.00136724,0.00136724,0.00136724
362,424.818,0.8629,0.35176,0.00446,0.624,0.69365,0.66054,0.34158,1.8809,1.17807,0.01751,0.00136641,0.00136641,0.00136641
363,426.077,0.7875,0.33312,0.00461,0.72956,0.66587,0.68959,0.35254,1.86889,1.14146,0.01741,0.00136557,0.00136557,0.00136557
364,427.263,0.84145,0.26042,0.00498,0.77214,0.66587,0.69291,0.34616,1.86117,1.11493,0.01709,0.00136474,0.00136474,0.00136474
365,428.448,0.7751,0.25759,0.00496,0.70809,0.76215,0.69003,0.33936,1.90464,1.12017,0.01738,0.00136391,0.00136391,0.00136391
366,429.595,0.93026,0.33257,0.00522,0.73337,0.72143,0.71173,0.35164,1.90861,1.06108,0.01688,0.00136308,0.00136308,0.00136308
367,430.746,0.72392,0.2686,0.00456,0.78439,0.69365,0.71194,0.35366,1.89302,1.09139,0.01572,0.00136224,0.00136224,0.00136224
368,431.876,0.80787,0.31229,0.00618,0.77085,0.69365,0.69213,0.3637,1.85316,1.10494,0.01566,0.00136141,0.00136141,0.00136141
369,433.015,0.96264,0.37597,0.00602,0.78894,0.69365,0.68878,0.35654,1.83944,1.19959,0.01657,0.00136058,0.00136058,0.00136058
370,434.166,0.86947,0.37826,0.00774,0.74428,0.71162,0.69842,0.36427,1.86685,1.22589,0.01645,0.00135975,0.00135975,0.00135975
371,435.32,0.89177,0.3251,0.00481,0.70601,0.73571,0.69826,0.36917,1.87429,1.33813,0.01607,0.00135891,0.00135891,0.00135891
372,436.477,0.76823,0.32031,0.00616,0.6818,0.68016,0.66723,0.36195,1.9058,1.35297,0.01726,0.00135808,0.00135808,0.00135808
373,437.628,0.8097,0.33993,0.00515,0.66057,0.6381,0.63861,0.34324,1.90009,1.40866,0.01695,0.00135725,0.00135725,0.00135725
374,438.764,0.88424,0.31306,0.00473,0.6192,0.66014,0.60479,0.3201,1.88162,1.37267,0.01714,0.00135642,0.00135642,0.00135642
375,439.881,0.79119,0.29104,0.00483,0.62557,0.74921,0.65528,0.3201,1.88216,1.27596,0.01836,0.00135558,0.00135558,0.00135558
376,441.016,0.72259,0.32945,0.00493,0.66926,0.67991,0.63379,0.32238,1.85452,1.20779,0.01807,0.00135475,0.00135475,0.00135475
377,442.154,0.89201,0.30602,0.00487,0.71943,0.69365,0.65693,0.3311,1.81818,1.20125,0.01752,0.00135392,0.00135392,0.00135392
378,443.297,0.86066,0.31871,0.00477,0.74892,0.69365,0.66196,0.33176,1.81689,1.24674,0.01718,0.00135308,0.00135308,0.00135308
379,444.446,0.76112,0.28855,0.00489,0.66982,0.7121,0.60405,0.2909,1.90638,1.24671,0.0184,0.00135225,0.00135225,0.00135225
380,445.608,0.76871,0.31806,0.00549,0.72446,0.6915,0.60247,0.29295,1.93466,1.21356,0.019,0.00135142,0.00135142,0.00135142
381,446.778,0.776,0.25776,0.00454,0.792,0.67027,0.62068,0.30964,1.91171,1.19701,0.01891,0.00135059,0.00135059,0.00135059
382,447.928,0.7339,0.30034,0.00444,0.77072,0.66508,0.61086,0.30754,1.90906,1.14013,0.0189,0.00134975,0.00134975,0.00134975
383,449.094,0.7525,0.33177,0.00472,0.80915,0.64351,0.64164,0.30306,1.93014,1.1049,0.01806,0.00134892,0.00134892,0.00134892
384,450.218,0.92658,0.36696,0.00605,0.70525,0.67878,0.64678,0.30646,1.89873,1.07524,0.01729,0.00134809,0.00134809,0.00134809
385,451.377,0.90757,0.36071,0.00691,0.79681,0.65473,0.67576,0.32371,1.8588,1.14829,0.01755,0.00134726,0.00134726,0.00134726
386,452.559,0.82518,0.29672,0.00441,0.67178,0.72958,0.6967,0.34796,1.85004,1.18185,0.0176,0.00134642,0.00134642,0.00134642
387,453.729,0.81385,0.28192,0.00406,0.68087,0.70714,0.68832,0.35316,1.86617,1.16269,0.01915,0.00134559,0.00134559,0.00134559
388,454.894,0.82794,0.33463,0.00543,0.7226,0.72143,0.68822,0.34761,1.89109,1.192,0.01926,0.00134476,0.00134476,0.00134476
389,456.052,0.74709,0.31829,0.00547,0.73187,0.68647,0.67889,0.34122,1.855,1.25902,0.01861,0.00134393,0.00134393,0.00134393
390,457.242,0.77267,0.28354,0.00576,0.7603,0.67937,0.68316,0.35102,1.80185,1.27476,0.01781,0.00134309,0.00134309,0.00134309
391,458.432,0.7247,0.30149,0.00477,0.72565,0.66508,0.66909,0.3488,1.7936,1.3193,0.01736,0.00134226,0.00134226,0.00134226
392,459.573,0.76985,0.29501,0.00475,0.77619,0.6731,0.67192,0.34805,1.81238,1.36641,0.01727,0.00134143,0.00134143,0.00134143
393,460.723,0.78502,0.25939,0.0072,0.80154,0.66508,0.67467,0.35106,1.85082,1.35633,0.01782,0.00134059,0.00134059,0.00134059
394,461.896,0.81235,0.28128,0.00559,0.69116,0.67937,0.66617,0.36875,1.83968,1.3674,0.01702,0.00133976,0.00133976,0.00133976
395,463.063,0.76623,0.24494,0.00421,0.72125,0.70714,0.66242,0.36469,1.8167,1.39171,0.01704,0.00133893,0.00133893,0.00133893
396,464.232,0.8247,0.30964,0.00362,0.65003,0.65644,0.63352,0.34764,1.80897,1.37335,0.01778,0.0013381,0.0013381,0.0013381
397,465.449,0.82644,0.27283,0.00429,0.61718,0.69365,0.64156,0.34214,1.80677,1.35205,0.0173,0.00133726,0.00133726,0.00133726
398,466.658,0.78313,0.29919,0.00432,0.71371,0.70327,0.66714,0.3475,1.79966,1.20764,0.01663,0.00133643,0.00133643,0.00133643
399,467.831,0.74307,0.2668,0.00514,0.70344,0.6959,0.6688,0.35804,1.76884,1.15286,0.01613,0.0013356,0.0013356,0.0013356
400,468.991,0.70564,0.27197,0.00405,0.69508,0.73492,0.67628,0.37294,1.75554,1.20603,0.01636,0.00133477,0.00133477,0.00133477
401,470.125,0.75321,0.26434,0.00412,0.73058,0.73492,0.6838,0.37402,1.75911,1.17398,0.01716,0.00133393,0.00133393,0.00133393
402,471.268,0.68282,0.26843,0.00525,0.68789,0.70714,0.67629,0.37619,1.73952,1.15209,0.01619,0.0013331,0.0013331,0.0013331
403,472.42,0.71577,0.26389,0.00506,0.63478,0.70714,0.65605,0.35576,1.81201,1.13316,0.01689,0.00133227,0.00133227,0.00133227
404,473.566,0.78328,0.26655,0.00434,0.70041,0.72143,0.6907,0.36538,1.84732,1.0987,0.0176,0.00133144,0.00133144,0.00133144
405,474.717,0.72348,0.27342,0.00415,0.67309,0.69341,0.66817,0.35785,1.87676,1.07729,0.01773,0.0013306,0.0013306,0.0013306
406,475.876,0.80293,0.3187,0.0049,0.69069,0.69365,0.67103,0.37156,1.892,1.05221,0.01813,0.00132977,0.00132977,0.00132977
407,477.084,0.7873,0.25224,0.00505,0.70707,0.70794,0.68612,0.35905,1.90426,1.04403,0.0181,0.00132894,0.00132894,0.00132894
408,478.28,0.85982,0.37696,0.00715,0.71485,0.70067,0.68671,0.35804,1.91739,1.11747,0.01767,0.0013281,0.0013281,0.0013281
409,479.488,0.7555,0.2894,0.00431,0.67142,0.68016,0.66164,0.33102,1.91572,1.15066,0.01689,0.00132727,0.00132727,0.00132727
410,480.668,0.73173,0.24971,0.00573,0.65477,0.67981,0.65227,0.33136,1.87113,1.12868,0.01681,0.00132644,0.00132644,0.00132644
411,481.823,0.83748,0.3369,0.00438,0.61197,0.73571,0.67078,0.33635,1.85432,1.12754,0.01695,0.00132561,0.00132561,0.00132561
412,482.97,0.71629,0.25798,0.00378,0.64602,0.70794,0.6681,0.33684,1.86138,1.15642,0.01732,0.00132477,0.00132477,0.00132477
413,484.136,0.79446,0.27837,0.00417,0.66795,0.70794,0.66161,0.3353,1.88819,1.16949,0.01734,0.00132394,0.00132394,0.00132394
414,485.339,0.76373,0.26791,0.00449,0.68396,0.70794,0.64754,0.33031,1.87922,1.16824,0.01635,0.00132311,0.00132311,0.00132311
415,486.5,0.79123,0.25617,0.0054,0.68292,0.70739,0.66767,0.344,1.86001,1.18685,0.01493,0.00132228,0.00132228,0.00132228
416,487.676,0.81822,0.28706,0.00422,0.81439,0.66587,0.68074,0.34701,1.85344,1.21468,0.01476,0.00132144,0.00132144,0.00132144
417,488.818,0.7922,0.27384,0.00472,0.85043,0.66587,0.6923,0.34799,1.83025,1.22848,0.01435,0.00132061,0.00132061,0.00132061
418,489.95,0.96454,0.35013,0.00456,0.82129,0.67509,0.68327,0.35488,1.80445,1.22298,0.01464,0.00131978,0.00131978,0.00131978
419,491.097,0.95917,0.31833,0.00411,0.81656,0.6793,0.66712,0.354,1.79569,1.21592,0.01493,0.00131895,0.00131895,0.00131895
420,492.285,0.70877,0.24914,0.00381,0.75105,0.66202,0.62977,0.34367,1.77962,1.31003,0.015,0.00131811,0.00131811,0.00131811
421,493.472,0.72454,0.27639,0.0042,0.75084,0.6815,0.64391,0.36059,1.80897,1.26485,0.01515,0.00131728,0.00131728,0.00131728
422,494.631,0.7651,0.2741,0.00426,0.81426,0.62381,0.64651,0.35108,1.84812,1.20006,0.01563,0.00131645,0.00131645,0.00131645
423,495.804,0.76841,0.24955,0.00447,0.71807,0.65159,0.60621,0.33745,1.83894,1.29421,0.01579,0.00131561,0.00131561,0.00131561
424,496.94,0.78777,0.29165,0.00469,0.64242,0.6373,0.59741,0.36089,1.82497,1.24513,0.01513,0.00131478,0.00131478,0.00131478
425,498.084,0.78834,0.31237,0.00408,0.7628,0.59864,0.59619,0.36144,1.79339,1.33312,0.01564,0.00131395,0.00131395,0.00131395
426,499.253,0.65634,0.29661,0.00375,0.73853,0.65159,0.60246,0.3509,1.78477,1.3474,0.01631,0.00131312,0.00131312,0.00131312
427,500.389,0.82962,0.31727,0.00595,0.73176,0.70534,0.63052,0.36864,1.75173,1.37948,0.01614,0.00131228,0.00131228,0.00131228
428,501.518,0.67798,0.25428,0.00493,0.70142,0.70714,0.62698,0.3605,1.78538,1.35202,0.01623,0.00131145,0.00131145,0.00131145
429,502.656,0.68632,0.24101,0.00479,0.70442,0.70714,0.64602,0.36413,1.80629,1.35773,0.01625,0.00131062,0.00131062,0.00131062
430,503.817,0.73251,0.25854,0.00434,0.65062,0.72143,0.67502,0.36422,1.84743,1.22809,0.01702,0.00130979,0.00130979,0.00130979
431,504.975,0.69646,0.24819,0.00464,0.7757,0.6592,0.67627,0.36085,1.83795,1.18016,0.01704,0.00130895,0.00130895,0.00130895
432,506.1,0.70082,0.23506,0.00396,0.72258,0.72027,0.68077,0.37376,1.8096,1.19628,0.01702,0.00130812,0.00130812,0.00130812
433,507.241,0.69333,0.20304,0.00607,0.72224,0.73863,0.67014,0.36537,1.77258,1.18887,0.01575,0.00130729,0.00130729,0.00130729
434,508.373,0.7291,0.28486,0.0038,0.62522,0.76053,0.64358,0.31921,1.82265,1.34453,0.0172,0.00130646,0.00130646,0.00130646
435,509.539,0.74139,0.29395,0.00403,0.73561,0.6381,0.65257,0.32114,1.8399,1.27594,0.0171,0.00130562,0.00130562,0.00130562
436,510.667,0.73862,0.27541,0.00439,0.67852,0.67937,0.65072,0.34563,1.81475,1.30514,0.01662,0.00130479,0.00130479,0.00130479
437,511.836,0.72938,0.28354,0.00337,0.69701,0.6749,0.64313,0.34931,1.78577,1.34749,0.01633,0.00130396,0.00130396,0.00130396
438,512.955,0.68647,0.26802,0.00386,0.76778,0.67937,0.65595,0.34594,1.76191,1.24922,0.01547,0.00130312,0.00130312,0.00130312
439,514.119,0.65256,0.37538,0.00368,0.71744,0.67937,0.64252,0.34123,1.76844,1.25452,0.01578,0.00130229,0.00130229,0.00130229
440,515.275,0.76593,0.23744,0.00435,0.70884,0.63556,0.6373,0.3367,1.79544,1.27699,0.01621,0.00130146,0.00130146,0.00130146
441,516.426,0.78341,0.35721,0.00441,0.7451,0.60847,0.63703,0.34631,1.79377,1.27662,0.01651,0.00130063,0.00130063,0.00130063
442,517.552,0.74305,0.27207,0.00507,0.69677,0.62381,0.64809,0.34785,1.8021,1.24089,0.01655,0.00129979,0.00129979,0.00129979
443,518.67,0.71099,0.24213,0.00409,0.71689,0.67531,0.65961,0.35279,1.8035,1.20037,0.01669,0.00129896,0.00129896,0.00129896
444,519.8,0.7381,0.2579,0.00462,0.7135,0.70714,0.66499,0.36054,1.7994,1.18253,0.01637,0.00129813,0.00129813,0.00129813
445,520.951,0.66389,0.30448,0.00386,0.76419,0.71615,0.70208,0.36932,1.82343,1.17843,0.01641,0.0012973,0.0012973,0.0012973
446,522.111,0.67336,0.23971,0.00391,0.78327,0.74763,0.71136,0.36425,1.84119,1.17157,0.01681,0.00129646,0.00129646,0.00129646
447,523.322,0.62976,0.21812,0.00431,0.77084,0.76909,0.70793,0.36504,1.83274,1.1759,0.01703,0.00129563,0.00129563,0.00129563
448,524.525,0.70137,0.35862,0.00541,0.72905,0.77698,0.7033,0.36322,1.83394,1.20125,0.0169,0.0012948,0.0012948,0.0012948
449,525.751,0.74232,0.25012,0.00379,0.71207,0.77698,0.69739,0.36586,1.83295,1.28837,0.01659,0.00129397,0.00129397,0.00129397
450,526.933,0.79155,0.27908,0.00476,0.71262,0.77698,0.68779,0.35074,1.8453,1.33387,0.01687,0.00129313,0.00129313,0.00129313
451,528.11,0.73736,0.28503,0.00411,0.72977,0.71655,0.67999,0.34938,1.81277,1.3203,0.01657,0.0012923,0.0012923,0.0012923
452,529.243,0.69003,0.23497,0.00342,0.63191,0.77698,0.6567,0.34456,1.80978,1.37161,0.01662,0.00129147,0.00129147,0.00129147
453,530.396,0.80341,0.31145,0.00534,0.6381,0.74921,0.64588,0.3468,1.82115,1.32114,0.01695,0.00129063,0.00129063,0.00129063
454,531.529,0.70771,0.2452,0.00382,0.74088,0.67167,0.65076,0.34873,1.78938,1.27014,0.01622,0.0012898,0.0012898,0.0012898
455,532.666,0.68543,0.24995,0.00424,0.67896,0.70714,0.65005,0.34485,1.77577,1.23439,0.01615,0.00128897,0.00128897,0.00128897
456,533.811,0.67599,0.2636,0.00326,0.67728,0.70964,0.66442,0.35685,1.77366,1.22769,0.01628,0.00128814,0.00128814,0.00128814
457,534.944,0.71451,0.25387,0.00438,0.75603,0.69286,0.69036,0.36562,1.78702,1.236,0.01654,0.0012873,0.0012873,0.0012873
458,536.084,0.72917,0.24149,0.00393,0.77091,0.73831,0.6981,0.35645,1.78724,1.21939,0.01681,0.00128647,0.00128647,0.00128647
459,537.253,0.66926,0.22277,0.00348,0.79377,0.69286,0.70185,0.37213,1.86542,1.17985,0.01809,0.00128564,0.00128564,0.00128564
460,538.406,0.68567,0.28157,0.00417,0.79221,0.72143,0.72811,0.38554,1.90219,1.1804,0.01873,0.00128481,0.00128481,0.00128481
461,539.591,0.73704,0.28683,0.00459,0.75329,0.75815,0.73461,0.39593,1.88835,1.18301,0.01799,0.00128397,0.00128397,0.00128397
462,540.779,0.7198,0.25254,0.00403,0.72284,0.73571,0.71986,0.38797,1.80085,1.26828,0.01655,0.00128314,0.00128314,0.00128314
463,541.97,0.67333,0.25367,0.00365,0.80145,0.65159,0.70128,0.38998,1.77969,1.30357,0.01615,0.00128231,0.00128231,0.00128231
464,543.155,0.66547,0.23991,0.00488,0.71927,0.70794,0.68652,0.37387,1.80952,1.24547,0.01606,0.00128148,0.00128148,0.00128148
465,544.313,0.71754,0.26217,0.00385,0.77031,0.66271,0.67404,0.37693,1.84041,1.27371,0.01635,0.00128064,0.00128064,0.00128064
466,545.448,0.75141,0.25575,0.00451,0.81588,0.64934,0.68491,0.37957,1.82756,1.27275,0.01603,0.00127981,0.00127981,0.00127981
467,546.604,0.76042,0.27421,0.00522,0.80774,0.64971,0.6662,0.37352,1.82253,1.26363,0.01597,0.00127898,0.00127898,0.00127898
468,547.759,0.70117,0.28427,0.00511,0.76959,0.68334,0.66868,0.37584,1.82844,1.28268,0.01577,0.00127814,0.00127814,0.00127814
469,548.921,0.74769,0.28172,0.00458,0.75406,0.6816,0.66719,0.38021,1.8322,1.27004,0.01539,0.00127731,0.00127731,0.00127731
470,550.073,0.78458,0.26083,0.00404,0.72155,0.69365,0.6776,0.38968,1.80997,1.28023,0.01528,0.00127648,0.00127648,0.00127648
471,551.226,0.79254,0.281,0.00405,0.73188,0.69365,0.68194,0.37963,1.82573,1.27804,0.01552,0.00127565,0.00127565,0.00127565
472,552.38,0.83325,0.26068,0.00363,0.76322,0.6862,0.67925,0.36331,1.85267,1.30949,0.01608,0.00127481,0.00127481,0.00127481
473,553.567,0.71245,0.25522,0.00404,0.72795,0.70081,0.69095,0.36838,1.87442,1.32097,0.01563,0.00127398,0.00127398,0.00127398
474,554.728,0.76653,0.27152,0.00471,0.72365,0.73954,0.68997,0.36756,1.87805,1.25644,0.01542,0.00127315,0.00127315,0.00127315
475,555.871,0.68287,0.29065,0.00465,0.70749,0.76349,0.71385,0.36821,1.81893,1.24933,0.01465,0.00127232,0.00127232,0.00127232
476,557.002,0.72421,0.28903,0.00489,0.73273,0.78824,0.72527,0.38178,1.78416,1.2218,0.01504,0.00127148,0.00127148,0.00127148
477,558.165,0.65235,0.30604,0.00396,0.71531,0.73492,0.72279,0.38921,1.74063,1.21422,0.01485,0.00127065,0.00127065,0.00127065
478,559.277,0.72499,0.28491,0.00547,0.73312,0.72143,0.70324,0.38831,1.77062,1.18053,0.01549,0.00126982,0.00126982,0.00126982
479,560.404,0.58261,0.21788,0.00362,0.69457,0.76757,0.69345,0.36586,1.74116,1.25259,0.01479,0.00126899,0.00126899,0.00126899
480,561.52,0.68995,0.28414,0.0033,0.69519,0.7708,0.71077,0.37631,1.72292,1.26768,0.01451,0.00126815,0.00126815,0.00126815
481,562.632,0.65988,0.22176,0.00398,0.68305,0.75961,0.71964,0.3809,1.78265,1.14994,0.01563,0.00126732,0.00126732,0.00126732
482,563.762,0.69283,0.23456,0.00407,0.74861,0.76514,0.74042,0.38703,1.77364,1.12148,0.01545,0.00126649,0.00126649,0.00126649
483,564.902,0.69979,0.30847,0.00438,0.78812,0.68304,0.71299,0.39142,1.75879,1.11957,0.01548,0.00126565,0.00126565,0.00126565
484,566.128,0.65626,0.34506,0.00362,0.64473,0.69038,0.68195,0.37923,1.7337,1.16536,0.01561,0.00126482,0.00126482,0.00126482
485,567.406,0.65745,0.24524,0.00353,0.64776,0.7137,0.68708,0.38721,1.71851,1.18447,0.01551,0.00126399,0.00126399,0.00126399
486,568.68,0.63189,0.25168,0.00436,0.68006,0.68638,0.6821,0.38803,1.71793,1.18931,0.01539,0.00126316,0.00126316,0.00126316
487,569.937,0.70056,0.24965,0.00304,0.81487,0.65031,0.69145,0.39463,1.71359,1.16522,0.01521,0.00126232,0.00126232,0.00126232
488,571.137,0.78157,0.28518,0.00415,0.78702,0.65462,0.6947,0.39704,1.69323,1.20134,0.01488,0.00126149,0.00126149,0.00126149
489,572.322,0.70462,0.22822,0.00445,0.80278,0.66292,0.69951,0.39781,1.72546,1.15208,0.01505,0.00126066,0.00126066,0.00126066
490,573.52,0.71209,0.23842,0.00361,0.69129,0.69365,0.684,0.37631,1.77855,1.18355,0.01543,0.00125983,0.00125983,0.00125983
491,574.722,0.79199,0.28346,0.0059,0.74825,0.66587,0.67768,0.37984,1.77647,1.14257,0.01647,0.00125899,0.00125899,0.00125899
492,575.907,0.81263,0.29072,0.00483,0.72954,0.67817,0.68262,0.38064,1.74419,1.11834,0.0162,0.00125816,0.00125816,0.00125816
493,577.089,0.6931,0.25788,0.00443,0.79321,0.67292,0.69171,0.38694,1.73113,1.11728,0.01587,0.00125733,0.00125733,0.00125733
494,578.287,0.65634,0.24149,0.00348,0.79728,0.66587,0.68033,0.39019,1.74317,1.10987,0.01571,0.0012565,0.0012565,0.0012565
495,579.531,0.66971,0.24892,0.00374,0.7939,0.66587,0.66955,0.36885,1.76517,1.20323,0.01475,0.00125566,0.00125566,0.00125566
496,580.699,0.83733,0.28272,0.00504,0.83307,0.66587,0.66509,0.36979,1.78077,1.31264,0.01578,0.00125483,0.00125483,0.00125483
497,581.861,0.66005,0.24246,0.00477,0.77794,0.66587,0.65468,0.35865,1.75699,1.38424,0.01564,0.001254,0.001254,0.001254
498,582.995,0.65047,0.23428,0.00488,0.83083,0.61619,0.6822,0.37921,1.75199,1.35726,0.01532,0.00125316,0.00125316,0.00125316
499,584.166,0.70435,0.27861,0.00428,0.75461,0.66587,0.67508,0.3813,1.74097,1.29759,0.01512,0.00125233,0.00125233,0.00125233
500,585.298,0.71116,0.24122,0.00342,0.79844,0.66587,0.68332,0.38261,1.75016,1.23708,0.01535,0.0012515,0.0012515,0.0012515
501,586.44,0.66118,0.3588,0.00509,0.69237,0.77698,0.70515,0.37647,1.73751,1.19935,0.01486,0.00125067,0.00125067,0.00125067
502,587.596,0.64127,0.22023,0.00419,0.78569,0.74921,0.74006,0.39389,1.79201,1.13808,0.01617,0.00124983,0.00124983,0.00124983
503,588.737,0.73202,0.26426,0.0035,0.76518,0.7627,0.7012,0.36967,1.82059,1.20102,0.0166,0.001249,0.001249,0.001249
504,589.934,0.70688,0.26572,0.0044,0.71504,0.75019,0.64239,0.32052,1.83156,1.27511,0.01683,0.00124817,0.00124817,0.00124817
505,591.131,0.77129,0.2801,0.00376,0.73255,0.7627,0.64133,0.32897,1.77303,1.26425,0.01626,0.00124734,0.00124734,0.00124734
506,592.336,0.74756,0.32679,0.00428,0.73933,0.74841,0.66212,0.36632,1.75464,1.30365,0.01586,0.0012465,0.0012465,0.0012465
507,593.612,0.69885,0.2401,0.00428,0.71934,0.72063,0.66393,0.36589,1.76176,1.34487,0.01615,0.00124567,0.00124567,0.00124567
508,594.829,0.67118,0.25996,0.00386,0.73645,0.74939,0.68693,0.3744,1.74599,1.36183,0.01601,0.00124484,0.00124484,0.00124484
509,596.08,0.67077,0.28995,0.00455,0.72984,0.76955,0.69992,0.37009,1.75012,1.37729,0.01614,0.00124401,0.00124401,0.00124401
510,597.228,0.65453,0.25606,0.00383,0.71125,0.74921,0.69409,0.36922,1.77407,1.38551,0.01647,0.00124317,0.00124317,0.00124317
511,598.401,0.6626,0.27029,0.00402,0.69237,0.74921,0.69187,0.36568,1.80968,1.36371,0.01672,0.00124234,0.00124234,0.00124234
512,599.593,0.74697,0.42408,0.0047,0.68671,0.77698,0.6902,0.35895,1.82856,1.32361,0.01668,0.00124151,0.00124151,0.00124151
513,600.795,0.60104,0.21967,0.00382,0.70215,0.78718,0.69989,0.36846,1.82717,1.31796,0.01659,0.00124067,0.00124067,0.00124067
514,601.974,0.64976,0.29087,0.0038,0.66028,0.77633,0.69886,0.36256,1.77895,1.39631,0.01555,0.00123984,0.00123984,0.00123984
515,603.226,0.6254,0.30651,0.00317,0.63551,0.73571,0.68802,0.35678,1.7764,1.42791,0.01528,0.00123901,0.00123901,0.00123901
516,604.449,0.59817,0.21975,0.00398,0.72209,0.73571,0.70029,0.36402,1.78834,1.35906,0.01508,0.00123818,0.00123818,0.00123818
517,605.616,0.61272,0.21447,0.00337,0.75812,0.73571,0.70284,0.36015,1.78113,1.31016,0.01483,0.00123734,0.00123734,0.00123734
518,606.781,0.6308,0.23477,0.00333,0.77563,0.69286,0.68406,0.36303,1.80693,1.26736,0.01505,0.00123651,0.00123651,0.00123651
519,607.989,0.74903,0.30142,0.00399,0.77578,0.72135,0.6955,0.35847,1.83739,1.2845,0.01528,0.00123568,0.00123568,0.00123568
520,609.176,0.65915,0.25745,0.00375,0.73037,0.74765,0.70174,0.35461,1.86108,1.24578,0.01571,0.00123485,0.00123485,0.00123485
521,610.363,0.6383,0.22121,0.00393,0.6825,0.76349,0.70203,0.3627,1.84384,1.18622,0.01581,0.00123401,0.00123401,0.00123401
522,611.528,0.74887,0.27996,0.00404,0.65704,0.71772,0.6887,0.36935,1.78731,1.15716,0.01476,0.00123318,0.00123318,0.00123318
523,612.707,0.62384,0.27089,0.00582,0.69174,0.70794,0.70563,0.38539,1.77629,1.15194,0.01464,0.00123235,0.00123235,0.00123235
524,613.889,0.65631,0.25997,0.00448,0.74245,0.73571,0.72068,0.38966,1.78248,1.13866,0.01428,0.00123152,0.00123152,0.00123152
525,615.037,0.6548,0.24072,0.0037,0.76233,0.70794,0.70255,0.38582,1.75815,1.15847,0.01412,0.00123068,0.00123068,0.00123068
526,616.19,0.62743,0.2415,0.00443,0.73643,0.72073,0.67766,0.37349,1.74234,1.17899,0.01415,0.00122985,0.00122985,0.00122985
527,617.32,0.56135,0.22634,0.00349,0.73328,0.72143,0.68892,0.37617,1.73825,1.17994,0.01407,0.00122902,0.00122902,0.00122902
528,618.45,0.66301,0.24492,0.00327,0.77589,0.72143,0.69682,0.3841,1.74484,1.19057,0.01452,0.00122818,0.00122818,0.00122818
529,619.6,0.67359,0.21523,0.00348,0.8184,0.69286,0.70582,0.38652,1.74459,1.16991,0.01472,0.00122735,0.00122735,0.00122735
530,620.763,0.58075,0.17743,0.00394,0.69801,0.75819,0.70475,0.38004,1.80558,1.05898,0.01584,0.00122652,0.00122652,0.00122652
531,621.923,0.67048,0.26712,0.004,0.74226,0.77476,0.71867,0.37258,1.823,1.04809,0.01628,0.00122569,0.00122569,0.00122569
532,623.071,0.69016,0.30651,0.00392,0.73451,0.75315,0.72626,0.37807,1.79963,1.03446,0.01619,0.00122485,0.00122485,0.00122485
533,624.23,0.62034,0.23434,0.00331,0.6877,0.79127,0.69935,0.38123,1.78227,1.0418,0.01588,0.00122402,0.00122402,0.00122402
534,625.37,0.63027,0.22994,0.0034,0.69985,0.74679,0.6964,0.376,1.78942,1.10079,0.01645,0.00122319,0.00122319,0.00122319
535,626.521,0.60673,0.22489,0.00493,0.70604,0.74865,0.71552,0.39051,1.8152,1.06388,0.01667,0.00122236,0.00122236,0.00122236
536,627.631,0.61303,0.23273,0.00338,0.7536,0.76349,0.73012,0.3958,1.82808,1.06103,0.01682,0.00122152,0.00122152,0.00122152
537,628.763,0.69963,0.2348,0.00411,0.74665,0.79127,0.72445,0.38115,1.81244,1.03346,0.01681,0.00122069,0.00122069,0.00122069
538,629.902,0.69356,0.23371,0.00394,0.70779,0.79127,0.70516,0.36595,1.80183,1.00202,0.01668,0.00121986,0.00121986,0.00121986
539,631.081,0.66683,0.24968,0.00374,0.69623,0.76349,0.67819,0.34811,1.78688,0.98598,0.01676,0.00121903,0.00121903,0.00121903
540,632.242,0.63725,0.2219,0.00378,0.78931,0.68052,0.70272,0.36515,1.79346,0.96711,0.017,0.00121819,0.00121819,0.00121819
541,633.404,0.73031,0.2649,0.00425,0.79946,0.69248,0.6928,0.36776,1.7577,1.03581,0.01591,0.00121736,0.00121736,0.00121736
542,634.573,0.66379,0.27334,0.00464,0.80988,0.66587,0.68282,0.37617,1.78948,1.06976,0.01592,0.00121653,0.00121653,0.00121653
543,635.717,0.66857,0.22762,0.00367,0.7305,0.73479,0.68556,0.37451,1.80962,1.06582,0.01575,0.00121569,0.00121569,0.00121569
544,636.852,0.75219,0.25541,0.00367,0.76355,0.72924,0.70018,0.38423,1.81514,1.02161,0.01587,0.00121486,0.00121486,0.00121486
545,638,0.75623,0.26717,0.00492,0.76474,0.73068,0.71042,0.37848,1.76618,1.05842,0.01552,0.00121403,0.00121403,0.00121403
546,639.137,0.70701,0.29769,0.00413,0.74633,0.72143,0.68768,0.37521,1.76041,1.00689,0.01574,0.0012132,0.0012132,0.0012132
547,640.277,0.63962,0.23103,0.00367,0.75309,0.72901,0.69077,0.37435,1.76264,1.01004,0.01578,0.00121236,0.00121236,0.00121236
548,641.433,0.5867,0.20857,0.0031,0.74939,0.72143,0.70865,0.38667,1.77246,1.05388,0.01563,0.00121153,0.00121153,0.00121153
549,642.655,0.60835,0.21072,0.00294,0.74225,0.726,0.69735,0.38836,1.75564,1.04482,0.01541,0.0012107,0.0012107,0.0012107
550,643.837,0.69291,0.23765,0.00445,0.73542,0.76307,0.71761,0.38934,1.73241,1.01853,0.01522,0.00120987,0.00120987,0.00120987
551,645.007,0.72892,0.2613,0.00394,0.69837,0.73571,0.6927,0.38525,1.74575,1.03322,0.01531,0.00120903,0.00120903,0.00120903
552,646.16,0.69426,0.23597,0.00343,0.70826,0.73571,0.68969,0.38381,1.76391,1.08563,0.01577,0.0012082,0.0012082,0.0012082
553,647.29,0.67641,0.23334,0.00359,0.7297,0.73571,0.67669,0.36871,1.758,1.0946,0.01547,0.00120737,0.00120737,0.00120737
554,648.45,0.68136,0.22746,0.00406,0.70635,0.72143,0.65996,0.35426,1.75847,1.12555,0.01567,0.00120654,0.00120654,0.00120654
555,649.576,0.64133,0.22734,0.00391,0.69795,0.73164,0.674,0.36625,1.75173,1.11241,0.01543,0.0012057,0.0012057,0.0012057
556,650.703,0.66507,0.24193,0.00324,0.66461,0.71379,0.66783,0.3664,1.75998,1.14083,0.01519,0.00120487,0.00120487,0.00120487
557,651.883,0.66578,0.24586,0.00356,0.73175,0.68016,0.67516,0.37203,1.76656,1.18387,0.01566,0.00120404,0.00120404,0.00120404
558,653.06,0.60733,0.25546,0.00314,0.70798,0.70455,0.66069,0.35903,1.77728,1.17746,0.01571,0.0012032,0.0012032,0.0012032
559,654.213,0.69303,0.23686,0.00389,0.68335,0.69365,0.66263,0.36004,1.79626,1.21655,0.01603,0.00120237,0.00120237,0.00120237
560,655.385,0.58702,0.21492,0.00387,0.62977,0.72487,0.63769,0.34804,1.8149,1.2267,0.01646,0.00120154,0.00120154,0.00120154
561,656.548,0.62921,0.23325,0.00379,0.59816,0.73488,0.66331,0.36598,1.78976,1.22667,0.01589,0.00120071,0.00120071,0.00120071
562,657.687,0.63339,0.19058,0.00381,0.58759,0.76349,0.66711,0.37054,1.76494,1.2306,0.01519,0.00119987,0.00119987,0.00119987
563,658.925,0.53154,0.23474,0.00346,0.6173,0.73571,0.67182,0.37666,1.75137,1.21193,0.01493,0.00119904,0.00119904,0.00119904
564,660.135,0.55319,0.21344,0.00354,0.72057,0.6381,0.6687,0.37123,1.73353,1.24217,0.01498,0.00119821,0.00119821,0.00119821
565,661.322,0.60401,0.21958,0.00371,0.7086,0.66822,0.6731,0.36839,1.75577,1.22274,0.01576,0.00119738,0.00119738,0.00119738
566,662.619,0.61703,0.26091,0.00381,0.71894,0.67102,0.67558,0.36745,1.74874,1.26662,0.01562,0.00119654,0.00119654,0.00119654
567,663.814,0.67039,0.21376,0.00481,0.6672,0.72471,0.66656,0.36347,1.7195,1.30308,0.01596,0.00119571,0.00119571,0.00119571
568,664.989,0.59794,0.20986,0.00367,0.74928,0.66443,0.66845,0.37413,1.72567,1.22898,0.01568,0.00119488,0.00119488,0.00119488
569,666.131,0.61377,0.23479,0.00376,0.78179,0.68016,0.68516,0.37823,1.72841,1.23934,0.01493,0.00119405,0.00119405,0.00119405
570,667.263,0.64642,0.23107,0.00418,0.75774,0.73125,0.67511,0.36689,1.74989,1.22442,0.01519,0.00119321,0.00119321,0.00119321
571,668.402,0.62401,0.20818,0.00423,0.75665,0.73314,0.6771,0.36371,1.76269,1.22435,0.01525,0.00119238,0.00119238,0.00119238
572,669.555,0.60014,0.23045,0.00332,0.76586,0.69365,0.68597,0.3796,1.68936,1.28835,0.01446,0.00119155,0.00119155,0.00119155
573,670.68,0.58602,0.23605,0.00336,0.74911,0.67937,0.66083,0.3641,1.70561,1.24752,0.01568,0.00119071,0.00119071,0.00119071
574,671.812,0.61747,0.23462,0.00354,0.733,0.69155,0.6472,0.35092,1.69492,1.23169,0.01542,0.00118988,0.00118988,0.00118988
575,672.959,0.59766,0.19838,0.00486,0.73449,0.69365,0.66023,0.36911,1.69511,1.21413,0.01549,0.00118905,0.00118905,0.00118905
576,674.087,0.54103,0.2105,0.00415,0.69159,0.69365,0.62046,0.34616,1.73052,1.27312,0.01518,0.00118822,0.00118822,0.00118822
577,675.219,0.66001,0.28054,0.00309,0.72103,0.69414,0.63217,0.34912,1.7494,1.24759,0.01539,0.00118738,0.00118738,0.00118738
578,676.35,0.65878,0.24875,0.00366,0.66075,0.70794,0.62884,0.3464,1.75296,1.18848,0.01593,0.00118655,0.00118655,0.00118655
579,677.5,0.65148,0.23925,0.00352,0.67857,0.73034,0.6611,0.35288,1.79503,1.13619,0.01716,0.00118572,0.00118572,0.00118572
580,678.626,0.55952,0.18011,0.00378,0.66699,0.75461,0.68584,0.36776,1.81668,1.1889,0.01659,0.00118489,0.00118489,0.00118489
581,679.79,0.67756,0.22221,0.00408,0.65415,0.7563,0.69896,0.36794,1.83725,1.19717,0.01705,0.00118405,0.00118405,0.00118405
582,680.935,0.7335,0.26146,0.00379,0.65837,0.73571,0.67876,0.36145,1.83453,1.20647,0.01711,0.00118322,0.00118322,0.00118322
583,682.123,0.60873,0.24612,0.00336,0.62588,0.73571,0.66586,0.35187,1.79794,1.23067,0.01647,0.00118239,0.00118239,0.00118239
584,683.304,0.61682,0.19494,0.00354,0.63142,0.76349,0.66978,0.36841,1.77856,1.26283,0.01557,0.00118156,0.00118156,0.00118156
585,684.472,0.6412,0.24208,0.00412,0.69107,0.67344,0.66381,0.36075,1.7751,1.2242,0.01582,0.00118072,0.00118072,0.00118072
586,685.646,0.62903,0.22741,0.00376,0.7548,0.69365,0.68561,0.38381,1.78396,1.17617,0.01584,0.00117989,0.00117989,0.00117989
587,686.789,0.67272,0.2607,0.00396,0.74685,0.66587,0.68889,0.3861,1.76573,1.16636,0.01554,0.00117906,0.00117906,0.00117906
588,687.921,0.68831,0.23499,0.00344,0.79037,0.69365,0.70564,0.37557,1.7741,1.1878,0.01535,0.00117822,0.00117822,0.00117822
589,689.072,0.58162,0.23325,0.00321,0.7894,0.69365,0.70049,0.36482,1.81856,1.20161,0.01587,0.00117739,0.00117739,0.00117739
590,690.205,0.63894,0.24828,0.0041,0.73063,0.74921,0.69806,0.36431,1.89205,1.1833,0.01721,0.00117656,0.00117656,0.00117656
591,691.359,0.66036,0.25426,0.00367,0.79303,0.69365,0.69377,0.36149,1.86168,1.13538,0.01664,0.00117573,0.00117573,0.00117573
592,692.527,0.67991,0.21611,0.00372,0.77636,0.70714,0.6864,0.36345,1.81389,1.08933,0.01596,0.00117489,0.00117489,0.00117489
593,693.716,0.69222,0.2123,0.00364,0.80899,0.7025,0.69268,0.37286,1.77381,1.08628,0.01565,0.00117406,0.00117406,0.00117406
594,694.901,0.59143,0.27455,0.00353,0.80543,0.67937,0.68369,0.37387,1.77348,1.14084,0.01601,0.00117323,0.00117323,0.00117323
595,696.058,0.60895,0.22032,0.00392,0.77274,0.67937,0.70057,0.38861,1.76996,1.11789,0.01648,0.0011724,0.0011724,0.0011724
596,697.219,0.57622,0.1947,0.0038,0.79744,0.70714,0.71661,0.39943,1.78573,1.11124,0.01729,0.00117156,0.00117156,0.00117156
597,698.388,0.63187,0.22586,0.00302,0.83653,0.70714,0.7229,0.40042,1.80237,1.01836,0.01726,0.00117073,0.00117073,0.00117073
598,699.54,0.53576,0.17677,0.00342,0.78623,0.70714,0.69399,0.38208,1.81507,1.09266,0.01757,0.0011699,0.0011699,0.0011699
599,700.651,0.65031,0.23703,0.00459,0.78679,0.67493,0.66996,0.35457,1.85469,1.10073,0.01735,0.00116907,0.00116907,0.00116907
600,701.792,0.65579,0.20996,0.00373,0.80417,0.69741,0.69074,0.35723,1.86844,1.09056,0.01692,0.00116823,0.00116823,0.00116823
601,702.93,0.62672,0.18908,0.00388,0.88868,0.70714,0.73663,0.37905,1.86579,1.03935,0.01645,0.0011674,0.0011674,0.0011674
602,704.065,0.60506,0.20164,0.0036,0.94637,0.74921,0.78034,0.3948,1.85496,1.04366,0.01628,0.00116657,0.00116657,0.00116657
603,705.216,0.55678,0.21202,0.00384,0.78217,0.77698,0.76136,0.39494,1.83708,1.10354,0.0167,0.00116573,0.00116573,0.00116573
604,706.373,0.61685,0.21799,0.00353,0.79923,0.7627,0.74107,0.38871,1.82877,1.085,0.01722,0.0011649,0.0011649,0.0011649
605,707.51,0.56838,0.18895,0.00306,0.83639,0.75945,0.72951,0.38613,1.82578,1.07713,0.01704,0.00116407,0.00116407,0.00116407
606,708.641,0.62827,0.21806,0.00314,0.74219,0.80476,0.70486,0.37502,1.84878,1.09883,0.01696,0.00116324,0.00116324,0.00116324
607,709.787,0.58877,0.22912,0.00309,0.76069,0.71782,0.6913,0.36841,1.85072,1.15972,0.01719,0.0011624,0.0011624,0.0011624
608,710.918,0.58404,0.22226,0.00345,0.73411,0.74142,0.68955,0.36924,1.86247,1.22911,0.01699,0.00116157,0.00116157,0.00116157
609,712.092,0.70201,0.24699,0.00366,0.71601,0.74433,0.67817,0.35751,1.85393,1.26119,0.0167,0.00116074,0.00116074,0.00116074
610,713.258,0.7063,0.24519,0.00359,0.76226,0.72093,0.67535,0.36242,1.83249,1.26314,0.01643,0.00115991,0.00115991,0.00115991
611,714.429,0.54822,0.20474,0.00387,0.73341,0.72143,0.66521,0.36568,1.81319,1.22626,0.01665,0.00115907,0.00115907,0.00115907
612,715.605,0.59422,0.20666,0.00301,0.7283,0.71974,0.65892,0.3645,1.80941,1.24026,0.01641,0.00115824,0.00115824,0.00115824
613,716.77,0.69145,0.32118,0.00451,0.76961,0.70469,0.66782,0.36678,1.81011,1.20444,0.01647,0.00115741,0.00115741,0.00115741
614,717.941,0.60386,0.1995,0.00458,0.75309,0.69355,0.6785,0.37744,1.81401,1.20837,0.01684,0.00115658,0.00115658,0.00115658
615,719.073,0.60753,0.18592,0.00342,0.71394,0.70714,0.67324,0.37725,1.80521,1.19648,0.01651,0.00115574,0.00115574,0.00115574
616,720.257,0.60976,0.23988,0.00393,0.7722,0.70714,0.67413,0.37593,1.79872,1.09195,0.01631,0.00115491,0.00115491,0.00115491
617,721.405,0.61238,0.25196,0.0039,0.76536,0.70714,0.68058,0.38323,1.81705,1.08776,0.01676,0.00115408,0.00115408,0.00115408
618,722.569,0.61823,0.21076,0.00384,0.74083,0.70714,0.6854,0.37059,1.83479,1.10644,0.01731,0.00115324,0.00115324,0.00115324
619,723.75,0.61504,0.21223,0.00362,0.72625,0.7021,0.68297,0.37033,1.86012,1.14545,0.01774,0.00115241,0.00115241,0.00115241
620,724.911,0.63143,0.22026,0.00382,0.73657,0.70509,0.67223,0.35941,1.89364,1.16433,0.0181,0.00115158,0.00115158,0.00115158
621,726.078,0.61537,0.21792,0.0032,0.7231,0.71564,0.67258,0.35763,1.88955,1.16953,0.01718,0.00115075,0.00115075,0.00115075
622,727.24,0.59482,0.31428,0.00371,0.71342,0.69746,0.66294,0.34473,1.89266,1.19151,0.01691,0.00114991,0.00114991,0.00114991
623,728.381,0.59395,0.19288,0.00322,0.76335,0.6373,0.66325,0.34723,1.8985,1.19277,0.01708,0.00114908,0.00114908,0.00114908
624,729.536,0.61194,0.21323,0.00282,0.76275,0.66154,0.67635,0.3569,1.90002,1.16947,0.01699,0.00114825,0.00114825,0.00114825
625,730.69,0.60684,0.30308,0.00351,0.77198,0.66079,0.65932,0.35486,1.9155,1.21716,0.01718,0.00114742,0.00114742,0.00114742
626,731.824,0.63804,0.21216,0.00303,0.69823,0.72143,0.66444,0.36002,1.9341,1.20711,0.01748,0.00114658,0.00114658,0.00114658
627,732.983,0.57305,0.21174,0.00349,0.7514,0.71915,0.68466,0.36951,1.93227,1.16183,0.01796,0.00114575,0.00114575,0.00114575
628,734.138,0.61038,0.2142,0.0048,0.72266,0.72011,0.66064,0.34617,1.91051,1.14824,0.01776,0.00114492,0.00114492,0.00114492
629,735.328,0.68881,0.20788,0.00297,0.70052,0.74921,0.66692,0.35803,1.89513,1.16294,0.01706,0.00114409,0.00114409,0.00114409
630,736.511,0.61386,0.22065,0.00363,0.6911,0.74436,0.66223,0.36342,1.89395,1.20511,0.01723,0.00114325,0.00114325,0.00114325
631,737.641,0.58653,0.21061,0.00417,0.67894,0.71643,0.65733,0.3699,1.88642,1.2218,0.01672,0.00114242,0.00114242,0.00114242
632,738.766,0.61637,0.26032,0.00361,0.68531,0.70714,0.6599,0.37171,1.85994,1.18572,0.01602,0.00114159,0.00114159,0.00114159
633,739.913,0.56079,0.21859,0.00283,0.71047,0.72245,0.67428,0.38476,1.8258,1.17708,0.01545,0.00114075,0.00114075,0.00114075
634,741.047,0.59426,0.22201,0.0029,0.71746,0.73492,0.68136,0.38787,1.81271,1.18843,0.01538,0.00113992,0.00113992,0.00113992
635,742.187,0.49594,0.19453,0.00273,0.73054,0.73492,0.68656,0.39635,1.82893,1.1695,0.01562,0.00113909,0.00113909,0.00113909
636,743.348,0.6254,0.24033,0.00337,0.75164,0.73383,0.66975,0.37795,1.82312,1.15837,0.0156,0.00113826,0.00113826,0.00113826
637,744.5,0.56945,0.19767,0.00305,0.71906,0.73492,0.66889,0.37257,1.8297,1.1642,0.01581,0.00113742,0.00113742,0.00113742
638,745.66,0.55055,0.23309,0.00294,0.74421,0.73478,0.67995,0.3786,1.84216,1.16375,0.01619,0.00113659,0.00113659,0.00113659
639,746.846,0.6205,0.21213,0.0033,0.74398,0.72063,0.68331,0.38253,1.87283,1.15836,0.01678,0.00113576,0.00113576,0.00113576
640,747.98,0.61354,0.25291,0.00333,0.76094,0.71464,0.69216,0.38171,1.88892,1.17741,0.0168,0.00113493,0.00113493,0.00113493
641,749.128,0.58258,0.1892,0.00302,0.75993,0.71792,0.6969,0.3699,1.9165,1.18948,0.01728,0.00113409,0.00113409,0.00113409
642,750.294,0.58029,0.20849,0.00326,0.78778,0.69286,0.69687,0.36697,1.91653,1.19611,0.01738,0.00113326,0.00113326,0.00113326
643,751.444,0.61375,0.22365,0.00308,0.69436,0.7462,0.67828,0.34838,1.89919,1.24737,0.01705,0.00113243,0.00113243,0.00113243
644,752.6,0.5263,0.21934,0.00298,0.70696,0.73413,0.67052,0.34755,1.93251,1.20314,0.01749,0.0011316,0.0011316,0.0011316
645,753.761,0.583,0.21986,0.00306,0.68198,0.74841,0.68066,0.34345,1.93689,1.18942,0.01756,0.00113076,0.00113076,0.00113076
646,754.938,0.56488,0.21435,0.00258,0.72624,0.75262,0.69165,0.35893,1.92394,1.13338,0.01734,0.00112993,0.00112993,0.00112993
647,756.088,0.54338,0.21503,0.00289,0.72563,0.73157,0.6876,0.35278,1.85626,1.1462,0.01669,0.0011291,0.0011291,0.0011291
648,757.261,0.67634,0.29046,0.00298,0.72496,0.70572,0.66879,0.36503,1.82689,1.14998,0.01602,0.00112826,0.00112826,0.00112826
649,758.4,0.51943,0.1813,0.00261,0.70001,0.7437,0.66754,0.36377,1.84211,1.12944,0.0168,0.00112743,0.00112743,0.00112743
650,759.558,0.56711,0.19783,0.00308,0.67855,0.7627,0.65707,0.36538,1.83522,1.12609,0.01702,0.0011266,0.0011266,0.0011266
651,760.7,0.59081,0.21079,0.00336,0.69373,0.6934,0.66564,0.37299,1.81795,1.12181,0.01753,0.00112577,0.00112577,0.00112577
652,761.834,0.54406,0.22241,0.00318,0.73193,0.66508,0.65738,0.36943,1.78742,1.12981,0.01732,0.00112493,0.00112493,0.00112493
653,762.984,0.50076,0.19452,0.00402,0.70439,0.74844,0.67351,0.35896,1.77908,1.15444,0.01595,0.0011241,0.0011241,0.0011241
654,764.17,0.55319,0.207,0.00329,0.7483,0.70635,0.70898,0.38526,1.76928,1.14004,0.01603,0.00112327,0.00112327,0.00112327
655,765.327,0.58982,0.18761,0.00313,0.75009,0.7247,0.70672,0.39886,1.76136,1.15274,0.01639,0.00112244,0.00112244,0.00112244
656,766.499,0.58848,0.21554,0.00286,0.74663,0.67722,0.6872,0.38219,1.74363,1.20414,0.01562,0.0011216,0.0011216,0.0011216
657,767.686,0.55362,0.18579,0.00302,0.7157,0.67538,0.64409,0.34863,1.7618,1.20619,0.0153,0.00112077,0.00112077,0.00112077
658,768.862,0.65813,0.22379,0.00337,0.69289,0.75198,0.67346,0.35764,1.76523,1.21295,0.0152,0.00111994,0.00111994,0.00111994
659,770.017,0.59926,0.20658,0.00311,0.74241,0.70714,0.69226,0.37538,1.76364,1.21047,0.015,0.00111911,0.00111911,0.00111911
660,771.195,0.48688,0.2219,0.00323,0.74903,0.70714,0.68244,0.37962,1.77528,1.22225,0.01527,0.00111827,0.00111827,0.00111827
661,772.352,0.56866,0.22536,0.00273,0.77805,0.70714,0.68137,0.37693,1.77968,1.1817,0.01558,0.00111744,0.00111744,0.00111744
662,773.506,0.49683,0.16908,0.00398,0.7214,0.70584,0.68798,0.37295,1.77554,1.1956,0.01556,0.00111661,0.00111661,0.00111661
663,774.663,0.49988,0.17905,0.00292,0.701,0.77619,0.71184,0.38051,1.77047,1.14005,0.01539,0.00111577,0.00111577,0.00111577
664,775.798,0.56723,0.19435,0.00315,0.71405,0.74841,0.73225,0.39699,1.77929,1.14828,0.0156,0.00111494,0.00111494,0.00111494
665,776.965,0.61583,0.20108,0.00289,0.74842,0.74151,0.73224,0.39033,1.77853,1.15425,0.01596,0.00111411,0.00111411,0.00111411
666,778.118,0.56898,0.18369,0.00337,0.74988,0.76962,0.74752,0.39302,1.80262,1.19282,0.01621,0.00111328,0.00111328,0.00111328
667,779.253,0.526,0.16443,0.00341,0.72076,0.79048,0.73279,0.38914,1.78238,1.18092,0.01549,0.00111244,0.00111244,0.00111244
668,780.4,0.59299,0.21556,0.00374,0.75427,0.73492,0.71594,0.37585,1.78466,1.14608,0.01628,0.00111161,0.00111161,0.00111161
669,781.524,0.53595,0.22386,0.00377,0.81094,0.67937,0.70074,0.36656,1.79421,1.17351,0.01643,0.00111078,0.00111078,0.00111078
670,782.662,0.61734,0.21522,0.00384,0.76721,0.70281,0.70873,0.37419,1.80346,1.16306,0.0162,0.00110995,0.00110995,0.00110995
671,783.805,0.52001,0.18914,0.00283,0.78032,0.77698,0.72507,0.36727,1.81555,1.15859,0.01629,0.00110911,0.00110911,0.00110911
672,784.969,0.55097,0.19861,0.00287,0.77736,0.77698,0.73272,0.37456,1.82043,1.15797,0.01609,0.00110828,0.00110828,0.00110828
673,786.128,0.56331,0.20016,0.00323,0.77603,0.79048,0.72193,0.37465,1.81044,1.16476,0.01628,0.00110745,0.00110745,0.00110745
674,787.291,0.63982,0.22102,0.00297,0.77118,0.78447,0.73184,0.38356,1.82406,1.11304,0.0164,0.00110662,0.00110662,0.00110662
675,788.443,0.6514,0.20796,0.00334,0.78438,0.80397,0.73063,0.38771,1.80669,1.10468,0.01647,0.00110578,0.00110578,0.00110578
676,789.599,0.6578,0.20855,0.00369,0.78805,0.80397,0.72527,0.37493,1.82646,1.14078,0.01617,0.00110495,0.00110495,0.00110495
677,790.736,0.71434,0.22547,0.00401,0.80427,0.74841,0.72977,0.37636,1.83439,1.10826,0.0166,0.00110412,0.00110412,0.00110412
678,791.954,0.63741,0.22067,0.00291,0.7755,0.77109,0.71392,0.37254,1.81409,1.14253,0.01627,0.00110328,0.00110328,0.00110328
679,793.127,0.64173,0.25664,0.0032,0.78806,0.74841,0.71317,0.38156,1.81111,1.20724,0.01649,0.00110245,0.00110245,0.00110245
680,794.304,0.61418,0.20877,0.00279,0.78462,0.73413,0.70279,0.36607,1.83262,1.2279,0.01702,0.00110162,0.00110162,0.00110162
681,795.553,0.60903,0.26826,0.00448,0.79323,0.7627,0.71963,0.36283,1.85306,1.21992,0.0174,0.00110079,0.00110079,0.00110079
682,796.829,0.59155,0.19537,0.00341,0.75436,0.7627,0.72417,0.37582,1.86566,1.17181,0.01759,0.00109995,0.00109995,0.00109995
683,798.105,0.53812,0.18973,0.00312,0.72324,0.67937,0.69796,0.37251,1.85598,1.18538,0.01697,0.00109912,0.00109912,0.00109912
684,799.307,0.52351,0.27065,0.00323,0.75581,0.66508,0.7032,0.37449,1.85798,1.14115,0.01736,0.00109829,0.00109829,0.00109829
685,800.478,0.59965,0.20668,0.0036,0.79251,0.70714,0.7094,0.38107,1.85214,1.14057,0.01733,0.00109746,0.00109746,0.00109746
686,801.632,0.5572,0.19152,0.00344,0.77468,0.7063,0.69819,0.37261,1.85022,1.17774,0.01725,0.00109662,0.00109662,0.00109662
687,802.757,0.58893,0.20756,0.00337,0.80255,0.68411,0.69307,0.37318,1.8612,1.19496,0.01727,0.00109579,0.00109579,0.00109579
688,803.905,0.61559,0.21717,0.00353,0.82687,0.69365,0.68975,0.37858,1.85137,1.14104,0.0166,0.00109496,0.00109496,0.00109496
689,805.036,0.58869,0.19511,0.00352,0.82386,0.69365,0.69449,0.38183,1.81385,1.16682,0.01606,0.00109413,0.00109413,0.00109413
690,806.243,0.52486,0.22427,0.00303,0.7887,0.69365,0.69,0.38653,1.80178,1.17042,0.01592,0.00109329,0.00109329,0.00109329
691,807.227,0.58285,0.20128,0.00381,0.82618,0.68769,0.69863,0.38565,1.77734,1.1982,0.01555,0.00109246,0.00109246,0.00109246
692,808.391,0.62887,0.23746,0.00325,0.76302,0.69365,0.67432,0.37454,1.78803,1.19781,0.01568,0.00109163,0.00109163,0.00109163
693,809.52,0.57375,0.21113,0.00417,0.81252,0.69365,0.68345,0.37772,1.80975,1.24044,0.01609,0.00109079,0.00109079,0.00109079
694,810.66,0.54661,0.17641,0.0031,0.76437,0.69365,0.67344,0.36671,1.84281,1.23575,0.01673,0.00108996,0.00108996,0.00108996
695,811.801,0.6256,0.24182,0.00311,0.82424,0.69365,0.67993,0.37214,1.86906,1.25215,0.01708,0.00108913,0.00108913,0.00108913
696,812.932,0.60268,0.19423,0.00293,0.75482,0.72143,0.67755,0.36763,1.8548,1.31421,0.01649,0.0010883,0.0010883,0.0010883
697,814.1,0.57904,0.22041,0.00328,0.8291,0.69365,0.67633,0.37249,1.84621,1.31303,0.0166,0.00108746,0.00108746,0.00108746
698,815.254,0.55085,0.21736,0.0045,0.81434,0.67937,0.67048,0.36987,1.82948,1.34908,0.01662,0.00108663,0.00108663,0.00108663
699,816.417,0.59329,0.21493,0.00319,0.80645,0.65155,0.65414,0.37395,1.81454,1.39749,0.0165,0.0010858,0.0010858,0.0010858
700,817.569,0.55648,0.2154,0.00277,0.76806,0.67937,0.67016,0.37678,1.78344,1.38468,0.01599,0.00108497,0.00108497,0.00108497
701,818.747,0.50451,0.17872,0.0027,0.75318,0.67937,0.65844,0.36065,1.77175,1.39278,0.01552,0.00108413,0.00108413,0.00108413
702,819.959,0.52139,0.17593,0.00306,0.75476,0.67809,0.65506,0.36534,1.75595,1.3912,0.01532,0.0010833,0.0010833,0.0010833
703,821.231,0.46554,0.1641,0.0029,0.71655,0.70714,0.65485,0.36794,1.74909,1.43885,0.01533,0.00108247,0.00108247,0.00108247
704,822.403,0.70609,0.21959,0.00371,0.75203,0.70035,0.66801,0.36459,1.74002,1.47851,0.01539,0.00108164,0.00108164,0.00108164
705,823.578,0.50591,0.21296,0.00261,0.74121,0.7114,0.65804,0.35479,1.74308,1.41351,0.01539,0.0010808,0.0010808,0.0010808
706,824.787,0.56692,0.21182,0.00327,0.75597,0.70601,0.64443,0.34897,1.77324,1.34513,0.0159,0.00107997,0.00107997,0.00107997
707,825.963,0.61551,0.2184,0.00311,0.74506,0.71692,0.67,0.34587,1.77087,1.34204,0.01583,0.00107914,0.00107914,0.00107914
708,827.178,0.62237,0.23313,0.00304,0.76696,0.70906,0.66972,0.34318,1.75917,1.29913,0.01562,0.0010783,0.0010783,0.0010783
709,828.319,0.49087,0.16916,0.00306,0.77309,0.72143,0.67253,0.34455,1.77099,1.29086,0.01552,0.00107747,0.00107747,0.00107747
710,829.46,0.58165,0.19457,0.00263,0.77845,0.75819,0.68402,0.35677,1.79443,1.20283,0.01576,0.00107664,0.00107664,0.00107664
711,830.613,0.55914,0.20525,0.00277,0.73171,0.76349,0.68085,0.35441,1.78954,1.15572,0.01597,0.00107581,0.00107581,0.00107581
712,831.75,0.58808,0.20336,0.00303,0.717,0.7337,0.67644,0.34534,1.78931,1.14434,0.01612,0.00107497,0.00107497,0.00107497
713,832.88,0.49058,0.1688,0.00294,0.69966,0.76349,0.6718,0.3458,1.77864,1.17155,0.01685,0.00107414,0.00107414,0.00107414
714,834.049,0.58011,0.19071,0.00233,0.72951,0.75588,0.67123,0.34435,1.78553,1.16458,0.01716,0.00107331,0.00107331,0.00107331
715,835.207,0.47589,0.23832,0.00302,0.6906,0.76349,0.68098,0.35854,1.76839,1.15185,0.01642,0.00107248,0.00107248,0.00107248
716,836.355,0.54416,0.21714,0.00292,0.75465,0.7335,0.69439,0.36848,1.7724,1.15239,0.01642,0.00107164,0.00107164,0.00107164
717,837.518,0.50079,0.22328,0.00306,0.74803,0.71979,0.68941,0.36881,1.7835,1.21092,0.01663,0.00107081,0.00107081,0.00107081
718,838.679,0.54271,0.16688,0.00261,0.69274,0.70714,0.68602,0.36622,1.7801,1.28609,0.01652,0.00106998,0.00106998,0.00106998
719,839.841,0.5083,0.19221,0.00289,0.80472,0.67042,0.70298,0.38074,1.80094,1.25502,0.01696,0.00106915,0.00106915,0.00106915
720,840.992,0.5364,0.22436,0.003,0.78198,0.67518,0.70477,0.38549,1.78872,1.33658,0.01599,0.00106831,0.00106831,0.00106831
721,842.165,0.5287,0.18987,0.00363,0.78828,0.67118,0.71789,0.39,1.78229,1.3584,0.01609,0.00106748,0.00106748,0.00106748
722,843.312,0.54333,0.20579,0.0032,0.80328,0.67853,0.71895,0.38647,1.75644,1.29578,0.01552,0.00106665,0.00106665,0.00106665
723,844.474,0.57873,0.21211,0.00353,0.79751,0.67937,0.71493,0.38921,1.7562,1.23195,0.01558,0.00106581,0.00106581,0.00106581
724,845.649,0.57282,0.227,0.0027,0.80446,0.67878,0.72571,0.38318,1.79793,1.21277,0.01527,0.00106498,0.00106498,0.00106498
725,846.814,0.61266,0.21024,0.00436,0.74221,0.74921,0.72684,0.37153,1.85717,1.18884,0.01628,0.00106415,0.00106415,0.00106415
726,847.976,0.56134,0.21749,0.00352,0.68403,0.73492,0.69149,0.35351,1.88252,1.20536,0.01641,0.00106332,0.00106332,0.00106332
727,849.136,0.53444,0.21065,0.00324,0.72957,0.73311,0.67277,0.34445,1.88589,1.17857,0.01567,0.00106248,0.00106248,0.00106248
728,850.276,0.57433,0.24756,0.00364,0.71336,0.73492,0.6711,0.34472,1.86574,1.22801,0.01489,0.00106165,0.00106165,0.00106165
729,851.43,0.60245,0.19266,0.0035,0.75353,0.73097,0.66792,0.3472,1.86257,1.24291,0.01539,0.00106082,0.00106082,0.00106082
730,852.575,0.53632,0.18957,0.00356,0.72137,0.72032,0.6634,0.35,1.86516,1.19791,0.01526,0.00105999,0.00105999,0.00105999
731,853.717,0.49114,0.2743,0.00287,0.70208,0.72063,0.67391,0.36802,1.82987,1.2141,0.01536,0.00105915,0.00105915,0.00105915
732,854.869,0.53862,0.21442,0.00278,0.6948,0.72063,0.64336,0.34649,1.85178,1.21011,0.01596,0.00105832,0.00105832,0.00105832
733,856.015,0.49427,0.18432,0.00289,0.69472,0.72063,0.63421,0.34666,1.83738,1.2096,0.01612,0.00105749,0.00105749,0.00105749
734,857.186,0.47934,0.17393,0.00249,0.69079,0.69286,0.66016,0.36038,1.82244,1.24267,0.01564,0.00105666,0.00105666,0.00105666
735,858.356,0.54603,0.20314,0.0026,0.76506,0.67895,0.67297,0.3666,1.81393,1.27885,0.01592,0.00105582,0.00105582,0.00105582
736,859.508,0.5979,0.22473,0.00356,0.72441,0.70714,0.66473,0.36673,1.80535,1.2489,0.01628,0.00105499,0.00105499,0.00105499
737,860.62,0.61374,0.28409,0.00304,0.74094,0.70714,0.67353,0.35752,1.78867,1.22432,0.01569,0.00105416,0.00105416,0.00105416
738,861.734,0.57728,0.24619,0.00343,0.74201,0.70714,0.67616,0.35822,1.80031,1.20961,0.01568,0.00105332,0.00105332,0.00105332
739,862.865,0.55599,0.23839,0.00328,0.75288,0.72143,0.6888,0.36011,1.82681,1.21064,0.01581,0.00105249,0.00105249,0.00105249
740,863.989,0.59092,0.22005,0.00301,0.75097,0.70478,0.7093,0.37837,1.83985,1.17329,0.01581,0.00105166,0.00105166,0.00105166
741,865.113,0.54814,0.21729,0.00298,0.74209,0.72143,0.69228,0.37702,1.84172,1.16711,0.01592,0.00105083,0.00105083,0.00105083
742,866.26,0.48998,0.20618,0.00262,0.73344,0.72143,0.69287,0.37608,1.83709,1.16847,0.01592,0.00104999,0.00104999,0.00104999
743,867.426,0.5547,0.19021,0.00326,0.70552,0.72688,0.68117,0.36951,1.82778,1.17331,0.01586,0.00104916,0.00104916,0.00104916
744,868.582,0.49033,0.19692,0.00272,0.76396,0.68965,0.68267,0.37482,1.8445,1.16117,0.01597,0.00104833,0.00104833,0.00104833
745,869.718,0.59578,0.20554,0.00277,0.70549,0.72552,0.68416,0.36182,1.83868,1.21526,0.01592,0.0010475,0.0010475,0.0010475
746,870.867,0.50047,0.16679,0.0025,0.7171,0.70794,0.69334,0.3708,1.85717,1.19147,0.01677,0.00104666,0.00104666,0.00104666
747,872.061,0.5529,0.19651,0.00229,0.693,0.70794,0.69269,0.37228,1.86214,1.20186,0.01709,0.00104583,0.00104583,0.00104583
748,873.234,0.54876,0.18515,0.00269,0.68391,0.72762,0.69907,0.37146,1.8466,1.23494,0.01701,0.001045,0.001045,0.001045
749,874.411,0.54114,0.16979,0.00264,0.70093,0.76349,0.70562,0.37543,1.85629,1.2439,0.01682,0.00104417,0.00104417,0.00104417
750,875.563,0.53341,0.22795,0.00433,0.75419,0.76349,0.71896,0.37502,1.85955,1.247,0.01674,0.00104333,0.00104333,0.00104333
751,876.723,0.48951,0.19548,0.00238,0.74405,0.76349,0.70143,0.36161,1.89255,1.26022,0.01701,0.0010425,0.0010425,0.0010425
752,877.889,0.52627,0.22266,0.00247,0.69253,0.75109,0.67784,0.35856,1.92378,1.28771,0.01746,0.00104167,0.00104167,0.00104167
753,879.028,0.54274,0.19811,0.00276,0.75244,0.71906,0.68094,0.35724,1.94402,1.24189,0.0175,0.00104083,0.00104083,0.00104083
754,880.176,0.47596,0.19816,0.00262,0.74426,0.73337,0.68834,0.3424,1.95688,1.19625,0.01735,0.00104,0.00104,0.00104
755,881.359,0.51254,0.21326,0.00284,0.77735,0.73226,0.6886,0.33921,1.94993,1.20808,0.01754,0.00103917,0.00103917,0.00103917
756,882.522,0.5061,0.19411,0.00244,0.80858,0.71924,0.69453,0.3455,1.93546,1.20997,0.01763,0.00103834,0.00103834,0.00103834
757,883.719,0.4671,0.17556,0.00278,0.80616,0.70577,0.69529,0.35857,1.92949,1.21669,0.01763,0.0010375,0.0010375,0.0010375
758,884.886,0.57669,0.21087,0.00326,0.68435,0.77698,0.69434,0.36865,1.90993,1.25797,0.01762,0.00103667,0.00103667,0.00103667
759,886.1,0.48882,0.16935,0.00342,0.77936,0.67937,0.69429,0.36553,1.90613,1.23328,0.01747,0.00103584,0.00103584,0.00103584
760,887.294,0.44588,0.1527,0.00256,0.70726,0.7627,0.70962,0.38149,1.8738,1.14869,0.01749,0.00103501,0.00103501,0.00103501
761,888.457,0.46601,0.22696,0.00289,0.74147,0.79048,0.71177,0.39641,1.83917,1.15182,0.01709,0.00103417,0.00103417,0.00103417
762,889.608,0.51979,0.15267,0.00244,0.76456,0.78494,0.7206,0.40361,1.80063,1.10754,0.01693,0.00103334,0.00103334,0.00103334
763,890.78,0.50324,0.1765,0.00306,0.72631,0.81825,0.74385,0.39942,1.80749,1.08537,0.01724,0.00103251,0.00103251,0.00103251
764,891.923,0.53673,0.16573,0.00266,0.71399,0.8153,0.73561,0.39044,1.83638,1.08475,0.01766,0.00103168,0.00103168,0.00103168
765,893.075,0.53732,0.19686,0.00307,0.73619,0.80165,0.72886,0.38497,1.85637,1.09622,0.01773,0.00103084,0.00103084,0.00103084
766,894.196,0.56947,0.20281,0.0031,0.76632,0.74711,0.71668,0.39247,1.86688,1.06877,0.01763,0.00103001,0.00103001,0.00103001
767,895.337,0.52114,0.20987,0.00307,0.76543,0.80476,0.74825,0.38277,1.88125,1.12275,0.01693,0.00102918,0.00102918,0.00102918
768,896.514,0.56676,0.18998,0.00284,0.80751,0.77698,0.74407,0.38152,1.8695,1.13635,0.01651,0.00102834,0.00102834,0.00102834
769,897.731,0.57535,0.18782,0.00261,0.79139,0.7627,0.73964,0.38694,1.83787,1.19,0.01634,0.00102751,0.00102751,0.00102751
770,898.93,0.5385,0.21447,0.00315,0.79794,0.72635,0.71975,0.37712,1.84839,1.18432,0.0168,0.00102668,0.00102668,0.00102668
771,900.155,0.54099,0.18128,0.00298,0.80764,0.73591,0.71829,0.36864,1.86997,1.1566,0.01756,0.00102585,0.00102585,0.00102585
772,901.433,0.57538,0.19698,0.00357,0.81282,0.74123,0.71884,0.36527,1.88742,1.14846,0.01773,0.00102501,0.00102501,0.00102501
773,902.589,0.57339,0.21225,0.00333,0.83838,0.73944,0.71773,0.35667,1.89303,1.1444,0.01706,0.00102418,0.00102418,0.00102418
774,903.773,0.5822,0.22427,0.00266,0.83941,0.73996,0.71123,0.35477,1.89181,1.07068,0.01636,0.00102335,0.00102335,0.00102335
775,904.92,0.57896,0.22982,0.00374,0.80994,0.71894,0.65767,0.35107,1.88601,1.11608,0.01569,0.00102252,0.00102252,0.00102252
776,906.096,0.58391,0.20778,0.0029,0.75406,0.71684,0.64171,0.34723,1.88755,1.09972,0.01566,0.00102168,0.00102168,0.00102168
777,907.268,0.48682,0.16722,0.00316,0.8774,0.67314,0.68679,0.35929,1.87966,1.11267,0.01626,0.00102085,0.00102085,0.00102085
778,908.44,0.56666,0.21224,0.00343,0.75589,0.72746,0.68454,0.3678,1.82936,1.17848,0.01558,0.00102002,0.00102002,0.00102002
779,909.616,0.50463,0.19489,0.0028,0.78158,0.72696,0.68916,0.37478,1.79581,1.21325,0.01507,0.00101919,0.00101919,0.00101919
780,910.757,0.48687,0.1827,0.00245,0.78355,0.72063,0.67642,0.38015,1.77234,1.24352,0.01509,0.00101835,0.00101835,0.00101835
781,911.927,0.53842,0.16439,0.00277,0.78613,0.73492,0.67853,0.36566,1.78038,1.26871,0.01528,0.00101752,0.00101752,0.00101752
782,913.082,0.5409,0.16776,0.00315,0.76795,0.73492,0.66475,0.3559,1.78826,1.27068,0.01503,0.00101669,0.00101669,0.00101669
783,914.247,0.57985,0.20606,0.00323,0.74128,0.73492,0.68154,0.36453,1.78849,1.28134,0.01551,0.00101585,0.00101585,0.00101585
784,915.391,0.52538,0.20484,0.00249,0.77487,0.69198,0.66049,0.36092,1.80621,1.24291,0.0158,0.00101502,0.00101502,0.00101502
785,916.654,0.60918,0.24971,0.00301,0.83054,0.69082,0.66421,0.36133,1.81956,1.25484,0.01567,0.00101419,0.00101419,0.00101419
786,917.852,0.5161,0.19223,0.00311,0.78131,0.70424,0.6567,0.35725,1.80569,1.27737,0.01568,0.00101336,0.00101336,0.00101336
787,919.034,0.5383,0.20268,0.00261,0.75563,0.70165,0.63047,0.35113,1.79691,1.32192,0.01577,0.00101252,0.00101252,0.00101252
788,920.205,0.52757,0.19738,0.00373,0.77186,0.71324,0.65204,0.34993,1.82134,1.22908,0.01627,0.00101169,0.00101169,0.00101169
789,921.351,0.54129,0.19451,0.0032,0.78224,0.67507,0.64182,0.34482,1.81314,1.22376,0.0162,0.00101086,0.00101086,0.00101086
790,922.5,0.50897,0.21398,0.00288,0.77699,0.67044,0.64605,0.34445,1.79646,1.27219,0.01573,0.00101003,0.00101003,0.00101003
791,923.644,0.56473,0.1989,0.00318,0.76258,0.70714,0.65593,0.35063,1.82242,1.29053,0.01639,0.00100919,0.00100919,0.00100919
792,924.789,0.50531,0.20641,0.00354,0.84358,0.70941,0.67624,0.36164,1.80793,1.33406,0.01586,0.00100836,0.00100836,0.00100836
793,925.941,0.52652,0.18387,0.00319,0.83893,0.70714,0.68542,0.37295,1.8428,1.3161,0.01606,0.00100753,0.00100753,0.00100753
794,927.109,0.50934,0.20079,0.00256,0.82375,0.71186,0.6944,0.38921,1.84961,1.27522,0.01587,0.0010067,0.0010067,0.0010067
795,928.292,0.46125,0.17438,0.00249,0.82015,0.70592,0.69765,0.37929,1.8418,1.19955,0.01561,0.00100586,0.00100586,0.00100586
796,929.478,0.4948,0.22712,0.00235,0.82771,0.72143,0.70103,0.38964,1.82233,1.19106,0.01547,0.00100503,0.00100503,0.00100503
797,930.676,0.47785,0.16656,0.00264,0.82377,0.7159,0.69009,0.38604,1.81297,1.19935,0.01532,0.0010042,0.0010042,0.0010042
798,931.82,0.5803,0.20482,0.00361,0.73171,0.74921,0.68688,0.38431,1.83421,1.24796,0.01669,0.00100336,0.00100336,0.00100336
799,932.966,0.54686,0.18749,0.00338,0.73369,0.70714,0.67486,0.38576,1.83183,1.22145,0.01675,0.00100253,0.00100253,0.00100253
800,934.13,0.53854,0.16889,0.00341,0.70195,0.73492,0.68201,0.38524,1.83295,1.16492,0.01656,0.0010017,0.0010017,0.0010017
801,935.274,0.56697,0.19352,0.00346,0.76562,0.72063,0.69017,0.39715,1.85584,1.18876,0.01693,0.00100087,0.00100087,0.00100087
802,936.408,0.50263,0.17413,0.00314,0.76002,0.72063,0.69108,0.39153,1.84197,1.22748,0.01644,0.00100003,0.00100003,0.00100003
803,937.555,0.58207,0.26875,0.00348,0.80627,0.71515,0.70932,0.39891,1.85289,1.12921,0.0159,0.000999201,0.000999201,0.000999201
804,938.72,0.5711,0.19637,0.00273,0.77851,0.71428,0.69612,0.38741,1.86534,1.12435,0.01646,0.000998369,0.000998369,0.000998369
805,939.897,0.56121,0.20858,0.00286,0.75226,0.72063,0.69909,0.39367,1.8275,1.19948,0.0157,0.000997536,0.000997536,0.000997536
806,941.041,0.54024,0.1774,0.00286,0.81146,0.69161,0.69328,0.38934,1.83691,1.20144,0.0155,0.000996703,0.000996703,0.000996703
807,942.176,0.53604,0.20837,0.00287,0.84131,0.70342,0.6987,0.39203,1.87068,1.2142,0.01566,0.000995871,0.000995871,0.000995871
808,943.331,0.45742,0.17427,0.0026,0.75137,0.73492,0.68729,0.39188,1.87894,1.23941,0.01561,0.000995038,0.000995038,0.000995038
809,944.503,0.50754,0.21733,0.00301,0.77769,0.74311,0.69949,0.39468,1.84337,1.18186,0.0156,0.000994205,0.000994205,0.000994205
810,945.744,0.50113,0.18193,0.00332,0.75636,0.73492,0.67991,0.38319,1.82482,1.17033,0.01558,0.000993373,0.000993373,0.000993373
811,946.945,0.46634,0.19038,0.00257,0.70789,0.72951,0.67095,0.38535,1.823,1.2158,0.01566,0.00099254,0.00099254,0.00099254
812,948.099,0.49086,0.17436,0.00301,0.71644,0.73492,0.6893,0.38947,1.84872,1.15092,0.0165,0.000991707,0.000991707,0.000991707
813,949.276,0.44172,0.17513,0.00309,0.72549,0.73492,0.67291,0.37327,1.88289,1.1547,0.0167,0.000990875,0.000990875,0.000990875
814,950.449,0.46557,0.1755,0.00292,0.70838,0.73492,0.65972,0.35078,1.89414,1.17362,0.01677,0.000990042,0.000990042,0.000990042
815,951.602,0.49217,0.15248,0.0022,0.70684,0.74591,0.66529,0.35775,1.86747,1.17174,0.0167,0.000989209,0.000989209,0.000989209
816,952.749,0.54766,0.16025,0.00338,0.6939,0.73228,0.65638,0.34896,1.85677,1.19816,0.01695,0.000988377,0.000988377,0.000988377
817,953.882,0.47641,0.16724,0.00254,0.6937,0.72316,0.66752,0.35649,1.85243,1.25818,0.01657,0.000987544,0.000987544,0.000987544
818,955.016,0.52641,0.24099,0.00353,0.71321,0.71366,0.66365,0.3554,1.84796,1.28239,0.01647,0.000986711,0.000986711,0.000986711
819,956.154,0.51157,0.2207,0.00289,0.73532,0.70714,0.66877,0.36498,1.82535,1.39721,0.01688,0.000985879,0.000985879,0.000985879
820,957.353,0.48114,0.18213,0.0032,0.71315,0.72143,0.65935,0.35767,1.79895,1.32246,0.01588,0.000985046,0.000985046,0.000985046
821,958.526,0.51267,0.16481,0.00293,0.70151,0.73819,0.6515,0.35348,1.8242,1.29194,0.01556,0.000984213,0.000984213,0.000984213
822,959.759,0.58129,0.19792,0.00308,0.70562,0.72034,0.65233,0.35826,1.81956,1.25979,0.01537,0.000983381,0.000983381,0.000983381
823,960.973,0.53093,0.19559,0.00295,0.70074,0.74897,0.63449,0.34582,1.84455,1.29353,0.01617,0.000982548,0.000982548,0.000982548
824,962.134,0.57004,0.20536,0.00363,0.75759,0.71774,0.65119,0.35302,1.86877,1.26896,0.01643,0.000981715,0.000981715,0.000981715
825,963.314,0.54347,0.17114,0.00295,0.68142,0.70714,0.65606,0.35119,1.85954,1.31454,0.0165,0.000980883,0.000980883,0.000980883
826,964.446,0.4764,0.15063,0.00295,0.70536,0.69286,0.659,0.35279,1.83303,1.30609,0.01555,0.00098005,0.00098005,0.00098005
827,965.589,0.54101,0.24129,0.00251,0.72436,0.73896,0.66123,0.3461,1.85105,1.29775,0.01602,0.000979217,0.000979217,0.000979217
828,966.743,0.58885,0.22581,0.00361,0.76188,0.70358,0.67096,0.34147,1.87605,1.36783,0.01715,0.000978385,0.000978385,0.000978385
829,967.895,0.56321,0.16995,0.00298,0.80657,0.67655,0.67034,0.33897,1.90251,1.33349,0.01773,0.000977552,0.000977552,0.000977552
830,969.054,0.51507,0.18352,0.00307,0.77739,0.6903,0.66433,0.34715,1.87388,1.27511,0.01774,0.000976719,0.000976719,0.000976719
831,970.198,0.51438,0.20192,0.0031,0.75067,0.67937,0.67039,0.34609,1.85921,1.23073,0.01781,0.000975887,0.000975887,0.000975887
832,971.345,0.52483,0.18939,0.00275,0.68373,0.70714,0.6564,0.34358,1.83101,1.24271,0.01723,0.000975054,0.000975054,0.000975054
833,972.486,0.48546,0.17949,0.00298,0.70006,0.70714,0.66186,0.3476,1.81255,1.21778,0.017,0.000974221,0.000974221,0.000974221
834,973.688,0.4614,0.19595,0.00281,0.68389,0.73571,0.66688,0.35938,1.80171,1.18483,0.01667,0.000973389,0.000973389,0.000973389
835,974.867,0.43174,0.17053,0.00255,0.69289,0.76349,0.67245,0.36485,1.80005,1.15723,0.0167,0.000972556,0.000972556,0.000972556
836,976.011,0.42086,0.14992,0.00238,0.71539,0.76349,0.67832,0.36884,1.80169,1.16733,0.01671,0.000971723,0.000971723,0.000971723
837,977.205,0.44491,0.18806,0.00241,0.70674,0.73571,0.69524,0.3652,1.81303,1.29208,0.01708,0.000970891,0.000970891,0.000970891
838,978.387,0.47449,0.17605,0.00226,0.71772,0.73571,0.70016,0.35908,1.8167,1.32906,0.01683,0.000970058,0.000970058,0.000970058
839,979.544,0.43306,0.16814,0.00226,0.765,0.72797,0.70069,0.36575,1.83476,1.2647,0.01723,0.000969225,0.000969225,0.000969225
840,980.719,0.4353,0.18227,0.00237,0.78678,0.67937,0.69895,0.36781,1.82342,1.28286,0.01621,0.000968393,0.000968393,0.000968393
841,981.867,0.49516,0.17959,0.00272,0.79379,0.68057,0.69585,0.36019,1.80614,1.33084,0.01542,0.00096756,0.00096756,0.00096756
842,983.012,0.49056,0.2273,0.00346,0.81714,0.66571,0.67447,0.35958,1.82125,1.27345,0.01565,0.000966727,0.000966727,0.000966727
843,984.126,0.50804,0.22919,0.00249,0.69861,0.74044,0.66747,0.35166,1.83327,1.29513,0.0157,0.000965895,0.000965895,0.000965895
844,985.248,0.48051,0.20492,0.00263,0.81654,0.6373,0.65935,0.34338,1.83581,1.32488,0.01587,0.000965062,0.000965062,0.000965062
845,986.391,0.43677,0.1364,0.0022,0.64795,0.74921,0.6628,0.34648,1.83311,1.3308,0.01602,0.000964229,0.000964229,0.000964229
846,987.526,0.51083,0.17729,0.00243,0.67932,0.73492,0.65331,0.34875,1.83488,1.31353,0.0163,0.000963397,0.000963397,0.000963397
847,988.717,0.43943,0.16457,0.00274,0.67774,0.72938,0.65425,0.35442,1.82969,1.26045,0.01652,0.000962564,0.000962564,0.000962564
848,989.897,0.59553,0.21532,0.00268,0.66233,0.73492,0.64101,0.34408,1.81392,1.28497,0.01624,0.000961731,0.000961731,0.000961731
849,991.029,0.54429,0.18973,0.00256,0.70688,0.70709,0.65153,0.34014,1.79973,1.25787,0.01611,0.000960899,0.000960899,0.000960899
850,992.18,0.52224,0.19903,0.00286,0.72877,0.67399,0.6545,0.34735,1.79524,1.24053,0.01628,0.000960066,0.000960066,0.000960066
851,993.318,0.52122,0.20293,0.00235,0.72162,0.70479,0.66783,0.36209,1.79043,1.21731,0.01624,0.000959233,0.000959233,0.000959233
852,994.476,0.58403,0.18268,0.00307,0.6928,0.74089,0.66887,0.36626,1.78318,1.20366,0.01614,0.000958401,0.000958401,0.000958401
853,995.631,0.54367,0.21568,0.00248,0.69987,0.75529,0.6807,0.37027,1.76753,1.2268,0.01629,0.000957568,0.000957568,0.000957568
854,996.819,0.47554,0.17488,0.00252,0.68715,0.77698,0.6944,0.37988,1.76324,1.21663,0.01638,0.000956735,0.000956735,0.000956735
855,997.986,0.45723,0.15744,0.00264,0.68408,0.7627,0.6946,0.36848,1.77813,1.2281,0.01653,0.000955903,0.000955903,0.000955903
856,999.155,0.52214,0.19284,0.00268,0.68326,0.75935,0.69347,0.36805,1.79566,1.18161,0.01721,0.00095507,0.00095507,0.00095507
857,1000.32,0.4865,0.16098,0.00318,0.71582,0.73492,0.70097,0.36849,1.79176,1.19061,0.01726,0.000954237,0.000954237,0.000954237
858,1001.49,0.4925,0.18224,0.00277,0.69645,0.77698,0.70175,0.36713,1.79758,1.20611,0.01733,0.000953405,0.000953405,0.000953405
859,1002.62,0.45445,0.21067,0.00304,0.74757,0.69354,0.7089,0.37224,1.81927,1.22888,0.01759,0.000952572,0.000952572,0.000952572
860,1003.78,0.43619,0.16327,0.0029,0.76084,0.69365,0.7175,0.37875,1.8142,1.24394,0.01724,0.000951739,0.000951739,0.000951739
861,1004.92,0.52223,0.17032,0.00312,0.73671,0.67937,0.70226,0.37551,1.80577,1.21348,0.01757,0.000950907,0.000950907,0.000950907
862,1006.08,0.43105,0.17614,0.00294,0.73784,0.66508,0.70894,0.3861,1.78516,1.22518,0.01745,0.000950074,0.000950074,0.000950074
863,1007.24,0.50574,0.17048,0.00278,0.76003,0.66787,0.70002,0.37678,1.78766,1.21828,0.01731,0.000949241,0.000949241,0.000949241
864,1008.39,0.45497,0.18264,0.00252,0.76312,0.67937,0.70079,0.37787,1.7898,1.20135,0.01703,0.000948409,0.000948409,0.000948409
865,1009.54,0.45502,0.19313,0.00319,0.68246,0.77325,0.69269,0.37404,1.80109,1.20391,0.01684,0.000947576,0.000947576,0.000947576
866,1010.69,0.51598,0.18946,0.00323,0.67279,0.77239,0.68932,0.35938,1.82787,1.20646,0.01712,0.000946743,0.000946743,0.000946743
867,1011.83,0.4691,0.20774,0.00377,0.71426,0.70623,0.70913,0.36599,1.84229,1.20551,0.01714,0.000945911,0.000945911,0.000945911
868,1012.96,0.49639,0.16263,0.00345,0.7121,0.7627,0.69591,0.35426,1.86171,1.20712,0.01723,0.000945078,0.000945078,0.000945078
869,1014.09,0.51938,0.1963,0.00263,0.76175,0.76252,0.71779,0.36374,1.8667,1.182,0.01705,0.000944245,0.000944245,0.000944245
870,1015.23,0.52913,0.18732,0.00272,0.75267,0.7627,0.73967,0.37552,1.86236,1.18418,0.01714,0.000943413,0.000943413,0.000943413
871,1016.36,0.52248,0.19457,0.00302,0.75577,0.7627,0.73481,0.38102,1.83751,1.21352,0.01682,0.00094258,0.00094258,0.00094258
872,1017.52,0.49114,0.15534,0.00291,0.72437,0.70714,0.71068,0.37092,1.8492,1.21327,0.01679,0.000941747,0.000941747,0.000941747
873,1018.7,0.47023,0.1615,0.00304,0.76536,0.70714,0.69324,0.36466,1.86625,1.20077,0.01666,0.000940915,0.000940915,0.000940915
874,1019.85,0.47541,0.17771,0.00288,0.7392,0.71338,0.69447,0.36844,1.88319,1.20596,0.01696,0.000940082,0.000940082,0.000940082
875,1021.01,0.42783,0.17556,0.00255,0.77932,0.71946,0.68311,0.36106,1.89253,1.18777,0.01706,0.000939249,0.000939249,0.000939249
876,1022.16,0.45635,0.19556,0.00264,0.73182,0.76262,0.68898,0.35984,1.88178,1.2056,0.01696,0.000938417,0.000938417,0.000938417
877,1023.32,0.47353,0.24198,0.00302,0.72404,0.7574,0.69084,0.35748,1.86457,1.22315,0.01681,0.000937584,0.000937584,0.000937584
878,1024.44,0.45126,0.19377,0.00288,0.76142,0.71892,0.7001,0.36181,1.86116,1.23777,0.01692,0.000936751,0.000936751,0.000936751
879,1025.58,0.46477,0.16211,0.00258,0.72422,0.74921,0.69607,0.35318,1.8707,1.21128,0.01684,0.000935919,0.000935919,0.000935919
880,1026.75,0.53077,0.20175,0.00327,0.78313,0.71751,0.71354,0.36508,1.86046,1.23653,0.01652,0.000935086,0.000935086,0.000935086
881,1027.91,0.47009,0.16476,0.00269,0.76153,0.74871,0.71762,0.37752,1.85131,1.1982,0.01664,0.000934253,0.000934253,0.000934253
882,1029.05,0.49391,0.17683,0.0027,0.74707,0.74667,0.71455,0.37066,1.83014,1.21675,0.01683,0.000933421,0.000933421,0.000933421
883,1030.22,0.53537,0.27457,0.00285,0.78104,0.72143,0.70294,0.37219,1.82443,1.18758,0.01704,0.000932588,0.000932588,0.000932588
884,1031.36,0.43564,0.19132,0.00332,0.78258,0.74921,0.70151,0.38202,1.8105,1.16547,0.01768,0.000931755,0.000931755,0.000931755
885,1032.48,0.45947,0.16297,0.00224,0.73645,0.72914,0.68868,0.37249,1.79858,1.18701,0.01709,0.000930923,0.000930923,0.000930923
886,1033.6,0.48626,0.19835,0.00212,0.81375,0.67803,0.68594,0.37517,1.78875,1.19608,0.01659,0.00093009,0.00093009,0.00093009
887,1034.76,0.48293,0.16844,0.00301,0.77128,0.71433,0.6752,0.36457,1.8003,1.24854,0.01661,0.000929257,0.000929257,0.000929257
888,1035.93,0.51168,0.17891,0.00299,0.77037,0.68059,0.67077,0.36174,1.80987,1.276,0.01649,0.000928425,0.000928425,0.000928425
889,1037.08,0.43463,0.14486,0.00334,0.85467,0.68714,0.67512,0.36761,1.80814,1.30394,0.01659,0.000927592,0.000927592,0.000927592
890,1038.25,0.47782,0.18275,0.00307,0.82715,0.68694,0.67413,0.3672,1.80834,1.31578,0.0168,0.000926759,0.000926759,0.000926759
891,1039.41,0.53044,0.18881,0.00259,0.77215,0.68972,0.67041,0.36293,1.81675,1.30059,0.01693,0.000925927,0.000925927,0.000925927
892,1040.57,0.57114,0.22946,0.00276,0.76585,0.68658,0.68356,0.37098,1.82397,1.28928,0.01713,0.000925094,0.000925094,0.000925094
893,1041.74,0.45213,0.19277,0.00314,0.80979,0.67576,0.69378,0.37938,1.83233,1.26882,0.01746,0.000924261,0.000924261,0.000924261
894,1042.87,0.50696,0.18253,0.00251,0.69137,0.73492,0.68096,0.37647,1.85152,1.2537,0.01742,0.000923429,0.000923429,0.000923429
895,1044.03,0.5074,0.17365,0.00297,0.83149,0.65784,0.69927,0.37989,1.85399,1.23267,0.01732,0.000922596,0.000922596,0.000922596
896,1045.17,0.44618,0.17291,0.00283,0.75143,0.75607,0.70283,0.37449,1.87658,1.21134,0.01728,0.000921763,0.000921763,0.000921763
897,1046.3,0.45506,0.15642,0.00257,0.76638,0.72856,0.68439,0.34774,1.87599,1.21981,0.01745,0.000920931,0.000920931,0.000920931
898,1047.46,0.5282,0.20903,0.00211,0.71137,0.69775,0.66392,0.34274,1.85657,1.21236,0.01731,0.000920098,0.000920098,0.000920098
899,1048.61,0.50447,0.17504,0.00247,0.71292,0.69365,0.66448,0.35248,1.85767,1.22007,0.0174,0.000919265,0.000919265,0.000919265
900,1049.78,0.46102,0.15366,0.00267,0.79152,0.65371,0.66506,0.33926,1.86667,1.24581,0.01764,0.000918433,0.000918433,0.000918433
901,1050.95,0.45741,0.15165,0.00239,0.68353,0.72658,0.6712,0.34809,1.89246,1.27203,0.01822,0.0009176,0.0009176,0.0009176
902,1052.13,0.47726,0.16703,0.00259,0.74132,0.69911,0.67339,0.35458,1.84501,1.34773,0.01724,0.000916767,0.000916767,0.000916767
903,1053.27,0.49621,0.19917,0.00277,0.70261,0.70794,0.6778,0.35839,1.83212,1.34758,0.01711,0.000915935,0.000915935,0.000915935
904,1054.41,0.51526,0.21466,0.00274,0.68835,0.71777,0.68104,0.35825,1.82793,1.34286,0.01704,0.000915102,0.000915102,0.000915102
905,1055.57,0.4601,0.15936,0.00291,0.69163,0.76349,0.68041,0.35914,1.83985,1.30218,0.01749,0.000914269,0.000914269,0.000914269
906,1056.71,0.4487,0.16345,0.00232,0.71034,0.73271,0.6926,0.35516,1.87703,1.21021,0.01774,0.000913437,0.000913437,0.000913437
907,1057.86,0.45553,0.20917,0.00262,0.74173,0.67646,0.6946,0.35452,1.8596,1.18783,0.01769,0.000912604,0.000912604,0.000912604
908,1059.08,0.48554,0.20551,0.00277,0.63406,0.72813,0.69079,0.35503,1.82764,1.18282,0.01764,0.000911771,0.000911771,0.000911771
909,1060.29,0.48213,0.20755,0.00264,0.63901,0.72601,0.686,0.35743,1.83777,1.20885,0.01773,0.000910939,0.000910939,0.000910939
910,1061.48,0.50464,0.16872,0.00291,0.67686,0.67937,0.67909,0.35666,1.84963,1.26357,0.01814,0.000910106,0.000910106,0.000910106
911,1062.67,0.48686,0.21609,0.00256,0.67284,0.69365,0.67308,0.36306,1.82947,1.23682,0.01774,0.000909273,0.000909273,0.000909273
912,1063.81,0.4494,0.14354,0.00259,0.68317,0.70078,0.6875,0.35909,1.82305,1.16688,0.01678,0.000908441,0.000908441,0.000908441
913,1064.98,0.46049,0.16977,0.00268,0.70082,0.67454,0.68024,0.36249,1.83265,1.24559,0.01706,0.000907608,0.000907608,0.000907608
914,1066.12,0.46581,0.20546,0.00262,0.78446,0.6381,0.67572,0.35578,1.83087,1.18946,0.01693,0.000906775,0.000906775,0.000906775
915,1067.28,0.50252,0.20214,0.00349,0.63255,0.73571,0.66033,0.34219,1.81807,1.23912,0.01733,0.000905943,0.000905943,0.000905943
916,1068.45,0.46381,0.18692,0.00302,0.6475,0.72143,0.67752,0.35756,1.83425,1.25048,0.01781,0.00090511,0.00090511,0.00090511
917,1069.6,0.50949,0.20868,0.0026,0.70331,0.70714,0.68027,0.36967,1.83411,1.25301,0.01798,0.000904277,0.000904277,0.000904277
918,1070.73,0.46217,0.17262,0.00281,0.69041,0.67903,0.668,0.36853,1.8341,1.2629,0.01805,0.000903445,0.000903445,0.000903445
919,1071.86,0.45705,0.18436,0.00281,0.70389,0.64417,0.67033,0.3705,1.82195,1.31112,0.0175,0.000902612,0.000902612,0.000902612
920,1072.99,0.46793,0.1708,0.00248,0.75638,0.62381,0.68982,0.37433,1.80244,1.33794,0.01707,0.000901779,0.000901779,0.000901779
921,1074.11,0.49838,0.17582,0.00312,0.71181,0.66837,0.72483,0.39214,1.79648,1.2803,0.01716,0.000900947,0.000900947,0.000900947
922,1075.26,0.51678,0.16985,0.00271,0.78873,0.6373,0.72034,0.38203,1.76468,1.28882,0.01681,0.000900114,0.000900114,0.000900114
923,1076.41,0.50177,0.18321,0.00293,0.7948,0.6373,0.69975,0.38872,1.73389,1.30663,0.01635,0.000899281,0.000899281,0.000899281
924,1077.65,0.48228,0.21232,0.00303,0.81004,0.6373,0.69717,0.38932,1.73201,1.29305,0.01633,0.000898449,0.000898449,0.000898449
925,1078.81,0.46114,0.15971,0.0025,0.8105,0.6373,0.68891,0.38803,1.74002,1.28464,0.01629,0.000897616,0.000897616,0.000897616
926,1080.01,0.4653,0.17048,0.00278,0.84916,0.6373,0.69191,0.3949,1.72387,1.28822,0.01596,0.000896783,0.000896783,0.000896783
927,1081.21,0.60612,0.19584,0.00258,0.77395,0.6373,0.68085,0.38948,1.7299,1.28171,0.01596,0.000895951,0.000895951,0.000895951
928,1082.42,0.44732,0.1665,0.0023,0.70656,0.6373,0.66819,0.37531,1.73529,1.30715,0.01601,0.000895118,0.000895118,0.000895118
929,1083.6,0.47298,0.16557,0.00218,0.72678,0.65479,0.67266,0.36466,1.77361,1.32924,0.01635,0.000894285,0.000894285,0.000894285
930,1084.76,0.47976,0.18891,0.00292,0.72117,0.65627,0.64911,0.35977,1.7949,1.36722,0.01682,0.000893453,0.000893453,0.000893453
931,1086,0.47793,0.19743,0.0027,0.76215,0.62381,0.66079,0.35815,1.81178,1.3779,0.01704,0.00089262,0.00089262,0.00089262
932,1087.17,0.4644,0.18019,0.00256,0.76944,0.62381,0.66731,0.36225,1.81732,1.37909,0.01701,0.000891787,0.000891787,0.000891787
933,1088.32,0.56718,0.29689,0.00403,0.76395,0.61216,0.67167,0.36696,1.81313,1.41419,0.0167,0.000890955,0.000890955,0.000890955
934,1089.47,0.5597,0.20013,0.00301,0.78036,0.60952,0.64391,0.35229,1.78319,1.42668,0.01658,0.000890122,0.000890122,0.000890122
935,1090.68,0.5335,0.24061,0.00383,0.68789,0.62918,0.61441,0.34821,1.81519,1.39561,0.0163,0.000889289,0.000889289,0.000889289
936,1091.88,0.46377,0.21399,0.00282,0.67322,0.70714,0.63398,0.35837,1.81594,1.37712,0.01625,0.000888457,0.000888457,0.000888457
937,1093.05,0.43009,0.19703,0.00278,0.68003,0.69962,0.63682,0.35547,1.78757,1.36336,0.01656,0.000887624,0.000887624,0.000887624
938,1094.25,0.4652,0.15327,0.00255,0.71432,0.70714,0.66128,0.37033,1.78668,1.35283,0.01662,0.000886791,0.000886791,0.000886791
939,1095.42,0.49778,0.20089,0.00249,0.7966,0.66508,0.6768,0.38048,1.78509,1.30082,0.0165,0.000885959,0.000885959,0.000885959
940,1096.58,0.46609,0.17619,0.00275,0.80348,0.67709,0.67652,0.37873,1.78179,1.29449,0.01647,0.000885126,0.000885126,0.000885126
941,1097.73,0.43809,0.21324,0.00229,0.70965,0.70714,0.66558,0.36528,1.77221,1.33254,0.01639,0.000884293,0.000884293,0.000884293
942,1098.9,0.48264,0.18455,0.00382,0.80127,0.66587,0.68228,0.3679,1.77626,1.32258,0.01671,0.000883461,0.000883461,0.000883461
943,1100.04,0.47339,0.24972,0.00256,0.81614,0.6617,0.69449,0.37038,1.75644,1.29563,0.01667,0.000882628,0.000882628,0.000882628
944,1101.22,0.44581,0.1914,0.00211,0.65466,0.71574,0.69468,0.38188,1.75184,1.26775,0.01716,0.000881795,0.000881795,0.000881795
945,1102.39,0.47085,0.20706,0.00252,0.65193,0.7627,0.66834,0.37091,1.75873,1.25418,0.01716,0.000880963,0.000880963,0.000880963
946,1103.58,0.45521,0.16727,0.00366,0.67875,0.67937,0.66487,0.35578,1.74651,1.2751,0.01636,0.00088013,0.00088013,0.00088013
947,1104.73,0.4795,0.18006,0.00297,0.72198,0.71081,0.67099,0.36267,1.7664,1.23062,0.01717,0.000879297,0.000879297,0.000879297
948,1105.86,0.50261,0.15811,0.00251,0.71089,0.74427,0.68484,0.37085,1.77526,1.21836,0.01741,0.000878465,0.000878465,0.000878465
949,1107,0.47845,0.18739,0.00208,0.73536,0.73492,0.69895,0.38073,1.78239,1.19293,0.0175,0.000877632,0.000877632,0.000877632
950,1108.13,0.47042,0.1816,0.00307,0.74593,0.70714,0.69648,0.3643,1.79433,1.18673,0.01738,0.000876799,0.000876799,0.000876799
951,1109.26,0.52177,0.16955,0.00229,0.66071,0.73492,0.6695,0.37021,1.8034,1.16544,0.01734,0.000875967,0.000875967,0.000875967
952,1110.4,0.48316,0.17552,0.00345,0.69488,0.70714,0.67722,0.3751,1.81137,1.17807,0.01741,0.000875134,0.000875134,0.000875134
953,1111.58,0.47735,0.1783,0.00296,0.77267,0.67849,0.67841,0.37558,1.79336,1.2296,0.01699,0.000874301,0.000874301,0.000874301
954,1112.73,0.49886,0.19741,0.00282,0.77822,0.70714,0.6807,0.38017,1.78836,1.263,0.01684,0.000873469,0.000873469,0.000873469
955,1113.87,0.48373,0.20363,0.00261,0.77302,0.72143,0.69453,0.38055,1.78863,1.24133,0.01731,0.000872636,0.000872636,0.000872636
956,1115.03,0.48729,0.23302,0.00301,0.73593,0.72143,0.70237,0.37474,1.79929,1.28837,0.01704,0.000871803,0.000871803,0.000871803
957,1116.18,0.45715,0.18984,0.00282,0.78474,0.72143,0.71751,0.37999,1.83584,1.2754,0.01762,0.000870971,0.000870971,0.000870971
958,1117.32,0.54563,0.18973,0.00244,0.72236,0.72143,0.71567,0.38392,1.83778,1.27386,0.01762,0.000870138,0.000870138,0.000870138
959,1118.46,0.52354,0.20653,0.0023,0.7406,0.74921,0.71423,0.38686,1.80951,1.354,0.01668,0.000869305,0.000869305,0.000869305
960,1119.64,0.3974,0.14982,0.00255,0.77237,0.72143,0.71651,0.38913,1.83156,1.31953,0.01717,0.000868473,0.000868473,0.000868473
961,1120.81,0.44566,0.1403,0.00329,0.76756,0.70714,0.68786,0.38192,1.84033,1.31234,0.01719,0.00086764,0.00086764,0.00086764
962,1121.97,0.39326,0.13745,0.0027,0.79425,0.70357,0.67875,0.37374,1.83207,1.27043,0.01666,0.000866807,0.000866807,0.000866807
963,1123.14,0.4354,0.1696,0.00245,0.7578,0.67995,0.66349,0.36306,1.84879,1.27357,0.01742,0.000865975,0.000865975,0.000865975
964,1124.3,0.53434,0.15236,0.00254,0.79167,0.6916,0.67525,0.37094,1.87622,1.23497,0.01826,0.000865142,0.000865142,0.000865142
965,1125.45,0.45983,0.15441,0.00384,0.73697,0.74921,0.67459,0.36767,1.88845,1.23718,0.01801,0.000864309,0.000864309,0.000864309
966,1126.61,0.49456,0.18121,0.00326,0.74235,0.69365,0.67936,0.36881,1.88393,1.25479,0.01748,0.000863477,0.000863477,0.000863477
967,1127.76,0.44956,0.22502,0.00302,0.73914,0.72143,0.67674,0.36261,1.86892,1.2042,0.01657,0.000862644,0.000862644,0.000862644
968,1128.96,0.52268,0.238,0.00315,0.73985,0.72143,0.66911,0.35697,1.86609,1.28216,0.01661,0.000861811,0.000861811,0.000861811
969,1129.95,0.44532,0.16334,0.00278,0.71462,0.74105,0.67065,0.36196,1.87256,1.27,0.01702,0.000860979,0.000860979,0.000860979
970,1130.91,0.48813,0.16219,0.00265,0.76758,0.70714,0.67842,0.37918,1.87457,1.22254,0.01756,0.000860146,0.000860146,0.000860146
971,1131.95,0.46353,0.20585,0.0023,0.76958,0.65161,0.64817,0.36951,1.872,1.21823,0.01812,0.000859313,0.000859313,0.000859313
972,1133.12,0.42109,0.17869,0.00253,0.75301,0.67021,0.6455,0.3751,1.87417,1.21832,0.01868,0.000858481,0.000858481,0.000858481
973,1134.3,0.418,0.15984,0.00251,0.79148,0.69286,0.67479,0.37842,1.86064,1.20603,0.01848,0.000857648,0.000857648,0.000857648
974,1135.46,0.45892,0.1575,0.00236,0.80136,0.68722,0.68383,0.39272,1.84267,1.17812,0.01803,0.000856815,0.000856815,0.000856815
975,1136.68,0.39262,0.14885,0.00244,0.79936,0.68708,0.69046,0.39431,1.82939,1.20786,0.0177,0.000855983,0.000855983,0.000855983
976,1137.9,0.46349,0.16575,0.00301,0.76014,0.69286,0.6785,0.38628,1.82089,1.21837,0.01752,0.00085515,0.00085515,0.00085515
977,1139.07,0.43014,0.24192,0.00256,0.71422,0.69912,0.67548,0.38058,1.8209,1.22994,0.01703,0.000854317,0.000854317,0.000854317
978,1140.21,0.49335,0.16645,0.00212,0.7449,0.716,0.69557,0.38806,1.81772,1.24551,0.01666,0.000853485,0.000853485,0.000853485
979,1141.4,0.5224,0.16493,0.00246,0.75599,0.70452,0.67887,0.38464,1.80455,1.26645,0.0163,0.000852652,0.000852652,0.000852652
980,1142.54,0.42812,0.15086,0.00278,0.76608,0.70714,0.69505,0.37865,1.79818,1.26853,0.01701,0.000851819,0.000851819,0.000851819
981,1143.71,0.45659,0.16808,0.00285,0.8031,0.70658,0.6994,0.37702,1.79872,1.28515,0.01711,0.000850987,0.000850987,0.000850987
982,1144.85,0.51044,0.26442,0.00369,0.80294,0.7054,0.70076,0.38445,1.79077,1.29371,0.01699,0.000850154,0.000850154,0.000850154
983,1145.99,0.44135,0.18121,0.00267,0.80709,0.7068,0.68615,0.37829,1.80343,1.36895,0.01615,0.000849321,0.000849321,0.000849321
984,1147.14,0.48534,0.17708,0.002,0.8049,0.70537,0.68765,0.38157,1.79284,1.26051,0.01685,0.000848489,0.000848489,0.000848489
985,1148.26,0.51313,0.18672,0.00219,0.80507,0.7037,0.68655,0.38201,1.78689,1.29965,0.01692,0.000847656,0.000847656,0.000847656
986,1149.4,0.43452,0.16618,0.00287,0.80258,0.70206,0.68655,0.38177,1.76192,1.37053,0.0152,0.000846823,0.000846823,0.000846823
987,1150.54,0.43156,0.18491,0.00267,0.79326,0.69286,0.68856,0.39324,1.76859,1.35255,0.01543,0.000845991,0.000845991,0.000845991
988,1151.78,0.49624,0.20458,0.00313,0.77264,0.71142,0.69759,0.4049,1.77514,1.34624,0.01565,0.000845158,0.000845158,0.000845158
989,1153.04,0.41185,0.15579,0.00329,0.80236,0.69286,0.69789,0.39977,1.7772,1.32336,0.0156,0.000844325,0.000844325,0.000844325
990,1154.26,0.3876,0.1481,0.00233,0.79967,0.70113,0.67852,0.38699,1.79031,1.24044,0.01596,0.000843493,0.000843493,0.000843493
991,1155.46,0.43404,0.15772,0.00217,0.81303,0.7138,0.67627,0.38793,1.78597,1.25003,0.01611,0.00084266,0.00084266,0.00084266
992,1156.62,0.42409,0.17903,0.00315,0.77135,0.70635,0.67146,0.37872,1.77027,1.29847,0.01662,0.000841827,0.000841827,0.000841827
993,1157.78,0.44309,0.23678,0.00266,0.74807,0.70635,0.66094,0.3785,1.7678,1.31198,0.01662,0.000840995,0.000840995,0.000840995
994,1158.95,0.45738,0.16418,0.00244,0.75795,0.72063,0.6723,0.3805,1.76942,1.28029,0.01675,0.000840162,0.000840162,0.000840162
995,1160.08,0.48657,0.17862,0.00261,0.75678,0.72063,0.68454,0.38624,1.75897,1.32721,0.01607,0.000839329,0.000839329,0.000839329
996,1161.26,0.42464,0.14345,0.00275,0.78993,0.73409,0.6852,0.38592,1.7526,1.32191,0.01605,0.000838497,0.000838497,0.000838497
997,1162.44,0.51237,0.21844,0.00261,0.76555,0.70385,0.66882,0.38564,1.76513,1.38452,0.0161,0.000837664,0.000837664,0.000837664
998,1163.61,0.4351,0.1871,0.00287,0.73637,0.70714,0.66427,0.3821,1.75018,1.45892,0.01531,0.000836831,0.000836831,0.000836831
999,1164.78,0.50738,0.17993,0.00266,0.70749,0.67937,0.6537,0.37855,1.75897,1.49085,0.01532,0.000835999,0.000835999,0.000835999
1000,1165.95,0.42828,0.15128,0.00288,0.77176,0.64959,0.64996,0.36907,1.76536,1.46233,0.01522,0.000835166,0.000835166,0.000835166
1001,1167.09,0.46187,0.16991,0.00419,0.77273,0.65159,0.64856,0.37223,1.77901,1.44014,0.01646,0.000834333,0.000834333,0.000834333
1002,1168.24,0.42246,0.16951,0.00219,0.76765,0.65159,0.64062,0.37422,1.77027,1.4612,0.01643,0.000833501,0.000833501,0.000833501
1003,1169.38,0.37935,0.17189,0.002,0.71393,0.65159,0.63521,0.36761,1.77882,1.45505,0.01667,0.000832668,0.000832668,0.000832668
1004,1170.55,0.44945,0.14316,0.00245,0.71293,0.65159,0.63833,0.37881,1.78137,1.46733,0.01721,0.000831836,0.000831836,0.000831836
1005,1171.71,0.39767,0.19913,0.00212,0.71108,0.65159,0.63381,0.37401,1.77989,1.46983,0.01709,0.000831003,0.000831003,0.000831003
1006,1172.89,0.359,0.16214,0.00247,0.70669,0.65159,0.6441,0.3751,1.77816,1.45464,0.01691,0.00083017,0.00083017,0.00083017
1007,1174.04,0.38363,0.15047,0.00189,0.76683,0.65881,0.65702,0.37198,1.77289,1.44837,0.01674,0.000829338,0.000829338,0.000829338
1008,1175.19,0.46464,0.16716,0.00191,0.76308,0.65159,0.65915,0.37472,1.77483,1.43039,0.01714,0.000828505,0.000828505,0.000828505
1009,1176.36,0.43106,0.15958,0.00261,0.769,0.6509,0.65104,0.37145,1.77766,1.39145,0.01694,0.000827672,0.000827672,0.000827672
1010,1177.5,0.37164,0.15204,0.00263,0.76061,0.63538,0.64445,0.36603,1.80285,1.36706,0.01624,0.00082684,0.00082684,0.00082684
1011,1178.65,0.49816,0.1764,0.00243,0.7292,0.66254,0.65733,0.36182,1.8153,1.39853,0.0166,0.000826007,0.000826007,0.000826007
1012,1179.78,0.47642,0.16382,0.0021,0.71371,0.66508,0.63895,0.34797,1.81517,1.384,0.01685,0.000825174,0.000825174,0.000825174
1013,1180.93,0.51705,0.17529,0.00201,0.74212,0.67937,0.65339,0.3492,1.83016,1.41601,0.01716,0.000824342,0.000824342,0.000824342
1014,1182.08,0.45591,0.16095,0.00271,0.71515,0.67937,0.64362,0.34412,1.82736,1.43106,0.01727,0.000823509,0.000823509,0.000823509
1015,1183.23,0.43746,0.18476,0.00276,0.73625,0.667,0.63429,0.3495,1.84721,1.40975,0.01724,0.000822676,0.000822676,0.000822676
1016,1184.4,0.46154,0.17462,0.00228,0.75416,0.67635,0.64235,0.3471,1.84176,1.40171,0.01729,0.000821844,0.000821844,0.000821844
1017,1185.59,0.51899,0.21169,0.00239,0.73088,0.69106,0.65521,0.33758,1.85173,1.38416,0.01775,0.000821011,0.000821011,0.000821011
1018,1186.75,0.4402,0.15525,0.00237,0.74159,0.68998,0.64942,0.33843,1.87128,1.34081,0.01864,0.000820178,0.000820178,0.000820178
1019,1187.89,0.48808,0.2174,0.0027,0.77511,0.68668,0.65717,0.34413,1.86277,1.32546,0.01845,0.000819346,0.000819346,0.000819346
1020,1189.02,0.40141,0.14691,0.00199,0.75505,0.69365,0.65159,0.34206,1.85555,1.33941,0.01805,0.000818513,0.000818513,0.000818513
1021,1190.16,0.40624,0.19312,0.0022,0.73385,0.69365,0.65129,0.34604,1.82499,1.34779,0.01804,0.00081768,0.00081768,0.00081768
1022,1191.31,0.45572,0.15145,0.00258,0.78875,0.67865,0.66458,0.34708,1.81216,1.31836,0.01784,0.000816848,0.000816848,0.000816848
1023,1192.47,0.4174,0.18462,0.00343,0.7989,0.69086,0.67415,0.35901,1.81646,1.27798,0.01724,0.000816015,0.000816015,0.000816015
1024,1193.64,0.42331,0.13174,0.00292,0.79765,0.6819,0.68453,0.36542,1.81226,1.24842,0.01723,0.000815182,0.000815182,0.000815182
1025,1194.8,0.44502,0.1696,0.0042,0.76641,0.69774,0.66598,0.37049,1.80978,1.23122,0.01708,0.00081435,0.00081435,0.00081435
1026,1195.96,0.38898,0.13768,0.00248,0.75311,0.72675,0.65651,0.36215,1.81532,1.23023,0.01718,0.000813517,0.000813517,0.000813517
1027,1197.11,0.4027,0.14843,0.00222,0.78679,0.74299,0.6761,0.36375,1.8176,1.30061,0.01736,0.000812684,0.000812684,0.000812684
1028,1198.25,0.38111,0.13847,0.00262,0.78993,0.73408,0.67701,0.36359,1.8082,1.2847,0.01746,0.000811852,0.000811852,0.000811852
1029,1199.42,0.43888,0.18211,0.00239,0.76012,0.73571,0.68619,0.37388,1.8101,1.29972,0.01703,0.000811019,0.000811019,0.000811019
1030,1200.62,0.4161,0.17608,0.00311,0.73518,0.73571,0.68398,0.37079,1.80705,1.30751,0.0171,0.000810186,0.000810186,0.000810186
1031,1201.8,0.46602,0.15972,0.00249,0.67879,0.76349,0.68152,0.3734,1.79815,1.32729,0.01708,0.000809354,0.000809354,0.000809354
1032,1202.97,0.40773,0.20236,0.00262,0.77746,0.68149,0.67641,0.37,1.80435,1.32769,0.01713,0.000808521,0.000808521,0.000808521
1033,1204.15,0.43974,0.17274,0.00266,0.72115,0.71282,0.66082,0.36146,1.81481,1.23426,0.01735,0.000807688,0.000807688,0.000807688
1034,1205.31,0.41432,0.16976,0.00187,0.70857,0.71412,0.65304,0.35018,1.81421,1.23554,0.01727,0.000806856,0.000806856,0.000806856
1035,1206.45,0.38771,0.15322,0.00241,0.7564,0.68565,0.64212,0.34995,1.81576,1.26396,0.01716,0.000806023,0.000806023,0.000806023
1036,1207.6,0.38581,0.13469,0.00218,0.75818,0.72961,0.66042,0.3485,1.824,1.26691,0.01698,0.00080519,0.00080519,0.00080519
1037,1208.74,0.42092,0.1477,0.00219,0.7583,0.72937,0.66158,0.34695,1.82711,1.25614,0.0169,0.000804358,0.000804358,0.000804358
1038,1209.89,0.39269,0.13987,0.00265,0.75811,0.73191,0.66196,0.34532,1.82949,1.21069,0.01713,0.000803525,0.000803525,0.000803525
1039,1211.03,0.42211,0.18807,0.00255,0.80144,0.70585,0.66504,0.3443,1.84125,1.21774,0.01753,0.000802692,0.000802692,0.000802692
1040,1212.18,0.45359,0.18347,0.00209,0.77616,0.70794,0.67912,0.36185,1.85417,1.20357,0.01731,0.00080186,0.00080186,0.00080186
1041,1213.33,0.45005,0.18193,0.00285,0.75381,0.72647,0.69954,0.37095,1.85319,1.28217,0.01835,0.000801027,0.000801027,0.000801027
1042,1214.51,0.39259,0.144,0.00208,0.82981,0.66798,0.69183,0.36665,1.86561,1.28349,0.01776,0.000800194,0.000800194,0.000800194
1043,1215.69,0.43483,0.17405,0.00231,0.80484,0.70794,0.69905,0.36538,1.8797,1.26287,0.01761,0.000799362,0.000799362,0.000799362
1044,1216.87,0.40733,0.16879,0.00209,0.80168,0.70794,0.69573,0.35644,1.8879,1.28304,0.0175,0.000798529,0.000798529,0.000798529
1045,1218.03,0.3594,0.15816,0.00205,0.83333,0.70794,0.69958,0.3522,1.89742,1.29335,0.01773,0.000797696,0.000797696,0.000797696
1046,1219.19,0.44211,0.13644,0.00216,0.81927,0.70567,0.6861,0.34762,1.90719,1.28538,0.01783,0.000796864,0.000796864,0.000796864
1047,1220.38,0.48735,0.16595,0.00247,0.82143,0.70417,0.67843,0.34687,1.91276,1.28708,0.01806,0.000796031,0.000796031,0.000796031
1048,1221.37,0.45675,0.17161,0.0023,0.7859,0.67108,0.67235,0.34261,1.89828,1.32721,0.01779,0.000795198,0.000795198,0.000795198
1049,1222.32,0.46913,0.16841,0.0018,0.83518,0.66755,0.67507,0.34857,1.89678,1.29311,0.01791,0.000794366,0.000794366,0.000794366
1050,1223.54,0.47063,0.17668,0.00228,0.79934,0.66801,0.67103,0.34536,1.9036,1.31305,0.01803,0.000793533,0.000793533,0.000793533
1051,1224.75,0.3705,0.15707,0.00228,0.74519,0.66587,0.659,0.34676,1.88945,1.36909,0.01719,0.0007927,0.0007927,0.0007927
1052,1225.96,0.39399,0.22014,0.00258,0.7675,0.66587,0.64952,0.34426,1.88879,1.38557,0.01718,0.000791868,0.000791868,0.000791868
1053,1227.13,0.42841,0.18626,0.00223,0.69199,0.69365,0.63753,0.33831,1.8939,1.40358,0.0166,0.000791035,0.000791035,0.000791035
1054,1228.29,0.41523,0.17665,0.00271,0.70332,0.69365,0.65385,0.34425,1.88031,1.39901,0.01656,0.000790202,0.000790202,0.000790202
1055,1229.44,0.44582,0.25605,0.00227,0.65956,0.69365,0.65745,0.34417,1.87662,1.38691,0.01642,0.00078937,0.00078937,0.00078937
1056,1230.58,0.43464,0.17274,0.00217,0.65632,0.69365,0.64794,0.33467,1.8542,1.39295,0.01621,0.000788537,0.000788537,0.000788537
1057,1231.71,0.46819,0.16685,0.00289,0.66889,0.70686,0.64584,0.33802,1.83319,1.40253,0.01558,0.000787704,0.000787704,0.000787704
1058,1232.89,0.44744,0.15317,0.00281,0.65471,0.69365,0.62821,0.33452,1.82444,1.34768,0.01686,0.000786872,0.000786872,0.000786872
1059,1234.05,0.35509,0.15097,0.00204,0.68833,0.66587,0.62591,0.33197,1.80797,1.35419,0.01694,0.000786039,0.000786039,0.000786039
1060,1235.22,0.39024,0.15955,0.00232,0.67721,0.70794,0.63041,0.33377,1.78709,1.424,0.01578,0.000785206,0.000785206,0.000785206
1061,1236.41,0.41864,0.17917,0.0025,0.64885,0.70794,0.63582,0.33916,1.8025,1.42048,0.01623,0.000784374,0.000784374,0.000784374
1062,1237.6,0.44831,0.1586,0.00232,0.6278,0.70644,0.63562,0.34394,1.79542,1.44602,0.01587,0.000783541,0.000783541,0.000783541
1063,1238.76,0.38365,0.17331,0.00213,0.6543,0.7019,0.65673,0.34825,1.81088,1.44556,0.01598,0.000782708,0.000782708,0.000782708
1064,1239.94,0.41153,0.14976,0.00209,0.70148,0.66356,0.64882,0.34123,1.81172,1.46408,0.01604,0.000781876,0.000781876,0.000781876
1065,1241.08,0.42153,0.16927,0.0023,0.69089,0.69365,0.65372,0.34231,1.8109,1.44026,0.01605,0.000781043,0.000781043,0.000781043
1066,1242.28,0.42197,0.14147,0.00257,0.70101,0.67937,0.65591,0.34947,1.82414,1.40126,0.01608,0.00078021,0.00078021,0.00078021
1067,1243.47,0.43218,0.17542,0.00239,0.69009,0.67937,0.64499,0.34588,1.83423,1.39173,0.01615,0.000779378,0.000779378,0.000779378
1068,1244.63,0.38842,0.19397,0.00285,0.67357,0.67937,0.64945,0.35176,1.83821,1.36533,0.01608,0.000778545,0.000778545,0.000778545
1069,1245.8,0.39789,0.16859,0.00211,0.67941,0.67937,0.6475,0.34822,1.83827,1.35153,0.01599,0.000777712,0.000777712,0.000777712
1070,1247.01,0.38642,0.13243,0.00186,0.68507,0.68366,0.64124,0.35596,1.82786,1.40374,0.01622,0.00077688,0.00077688,0.00077688
1071,1248.2,0.38947,0.14329,0.0023,0.73763,0.68103,0.64985,0.35472,1.82204,1.40975,0.01633,0.000776047,0.000776047,0.000776047
1072,1249.37,0.41788,0.15667,0.00292,0.73342,0.69365,0.64393,0.35572,1.81656,1.32747,0.0167,0.000775214,0.000775214,0.000775214
1073,1250.51,0.42577,0.14068,0.00221,0.748,0.68623,0.6454,0.35687,1.80326,1.37803,0.01644,0.000774382,0.000774382,0.000774382
1074,1251.68,0.39668,0.14179,0.00217,0.72558,0.67264,0.6426,0.35434,1.80759,1.3183,0.01698,0.000773549,0.000773549,0.000773549
1075,1252.84,0.43035,0.13443,0.00203,0.71352,0.72143,0.665,0.35949,1.81318,1.26185,0.01709,0.000772716,0.000772716,0.000772716
1076,1253.98,0.36712,0.1323,0.00203,0.72673,0.74921,0.66268,0.3514,1.82136,1.26031,0.01698,0.000771884,0.000771884,0.000771884
1077,1255.2,0.3575,0.14398,0.00204,0.76331,0.7762,0.70447,0.36064,1.83526,1.26494,0.01692,0.000771051,0.000771051,0.000771051
1078,1256.38,0.34524,0.11536,0.0019,0.73952,0.74759,0.69152,0.36182,1.84269,1.25084,0.01699,0.000770218,0.000770218,0.000770218
1079,1257.57,0.44494,0.22613,0.00226,0.72749,0.74623,0.70409,0.36449,1.84533,1.23398,0.01696,0.000769386,0.000769386,0.000769386
1080,1258.8,0.41387,0.15195,0.00264,0.72191,0.73457,0.69632,0.35751,1.85072,1.2509,0.01687,0.000768553,0.000768553,0.000768553
1081,1259.96,0.36727,0.12051,0.00223,0.72958,0.73765,0.69098,0.35518,1.84061,1.31815,0.01643,0.00076772,0.00076772,0.00076772
1082,1261.1,0.39679,0.1456,0.00229,0.74494,0.72794,0.69093,0.35017,1.85705,1.32221,0.01666,0.000766888,0.000766888,0.000766888
1083,1262.27,0.45187,0.22479,0.00231,0.72969,0.7056,0.67711,0.35201,1.87674,1.30502,0.01712,0.000766055,0.000766055,0.000766055
1084,1263.41,0.40892,0.15761,0.00207,0.75948,0.73385,0.69007,0.35833,1.86792,1.35054,0.01752,0.000765222,0.000765222,0.000765222
1085,1264.55,0.39874,0.17396,0.00217,0.73824,0.75979,0.70881,0.36919,1.86771,1.36137,0.01756,0.00076439,0.00076439,0.00076439
1086,1265.72,0.41372,0.16141,0.00235,0.79502,0.74273,0.7064,0.37093,1.8703,1.3071,0.01763,0.000763557,0.000763557,0.000763557
1087,1266.88,0.46742,0.16279,0.0024,0.78488,0.74921,0.69849,0.363,1.88965,1.32795,0.01779,0.000762724,0.000762724,0.000762724
1088,1268.03,0.41612,0.15962,0.00229,0.73505,0.72143,0.69971,0.36823,1.91254,1.30536,0.01812,0.000761892,0.000761892,0.000761892
1089,1269.18,0.41348,0.17312,0.00213,0.76557,0.72143,0.67959,0.36608,1.88625,1.33064,0.01765,0.000761059,0.000761059,0.000761059
1090,1270.33,0.41522,0.15387,0.00226,0.74687,0.72143,0.67801,0.36749,1.86791,1.31661,0.01761,0.000760226,0.000760226,0.000760226
1091,1271.48,0.43142,0.1373,0.00227,0.7551,0.74921,0.67221,0.3684,1.84424,1.27506,0.01753,0.000759394,0.000759394,0.000759394
1092,1272.68,0.42134,0.20984,0.00201,0.75935,0.74921,0.67383,0.3578,1.81929,1.29605,0.01662,0.000758561,0.000758561,0.000758561
1093,1273.83,0.40491,0.15463,0.00254,0.80872,0.74921,0.69651,0.36543,1.84534,1.25156,0.01733,0.000757728,0.000757728,0.000757728
1094,1275.04,0.43055,0.18095,0.00296,0.80743,0.74383,0.68493,0.36145,1.8225,1.2505,0.01696,0.000756896,0.000756896,0.000756896
1095,1276.23,0.38978,0.14231,0.00258,0.86223,0.67937,0.69196,0.36985,1.80874,1.20238,0.01679,0.000756063,0.000756063,0.000756063
1096,1277.39,0.36312,0.1444,0.00201,0.77415,0.71774,0.70053,0.38164,1.79529,1.22056,0.01666,0.00075523,0.00075523,0.00075523
1097,1278.58,0.42622,0.15937,0.00307,0.82318,0.67937,0.7132,0.38459,1.79832,1.21893,0.01681,0.000754398,0.000754398,0.000754398
1098,1279.74,0.44223,0.18095,0.00239,0.82641,0.67937,0.70742,0.37558,1.81117,1.2373,0.01685,0.000753565,0.000753565,0.000753565
1099,1280.88,0.36454,0.13789,0.0024,0.85634,0.67516,0.70656,0.37228,1.83236,1.24493,0.01692,0.000752732,0.000752732,0.000752732
1100,1282.01,0.45683,0.17945,0.00204,0.86017,0.67646,0.69501,0.37073,1.83305,1.24001,0.01713,0.0007519,0.0007519,0.0007519
1101,1283.19,0.47351,0.27606,0.00195,0.86281,0.67937,0.6997,0.38112,1.82384,1.22294,0.01718,0.000751067,0.000751067,0.000751067
1102,1284.32,0.36324,0.13992,0.00217,0.75553,0.73492,0.68353,0.37215,1.82659,1.19834,0.01717,0.000750234,0.000750234,0.000750234
1103,1285.5,0.38796,0.1468,0.00212,0.73737,0.73492,0.68903,0.37375,1.82071,1.17184,0.01704,0.000749402,0.000749402,0.000749402
1104,1286.71,0.41956,0.14309,0.00234,0.74339,0.72063,0.66713,0.37347,1.8196,1.16393,0.01672,0.000748569,0.000748569,0.000748569
1105,1287.9,0.34549,0.13066,0.00201,0.7443,0.73382,0.6854,0.37719,1.81329,1.14482,0.01661,0.000747736,0.000747736,0.000747736
1106,1289.14,0.4061,0.18734,0.00207,0.74826,0.71905,0.67461,0.37254,1.81781,1.14211,0.01664,0.000746904,0.000746904,0.000746904
1107,1290.31,0.40941,0.16079,0.00215,0.75897,0.70721,0.67621,0.36519,1.82603,1.12509,0.01673,0.000746071,0.000746071,0.000746071
1108,1291.51,0.40038,0.16957,0.00198,0.75646,0.69286,0.66331,0.36059,1.83682,1.14185,0.01693,0.000745238,0.000745238,0.000745238
1109,1292.76,0.39262,0.1371,0.00237,0.77016,0.74255,0.69125,0.3636,1.85472,1.14589,0.01722,0.000744406,0.000744406,0.000744406
1110,1293.94,0.34699,0.1276,0.0019,0.78485,0.75595,0.69906,0.35972,1.85459,1.14692,0.01712,0.000743573,0.000743573,0.000743573
1111,1295.12,0.43048,0.14351,0.00225,0.78286,0.75494,0.70229,0.35472,1.84156,1.17071,0.01695,0.00074274,0.00074274,0.00074274
1112,1296.34,0.40672,0.14322,0.00215,0.75616,0.77288,0.6762,0.34541,1.83072,1.19741,0.01657,0.000741908,0.000741908,0.000741908
1113,1297.5,0.38381,0.173,0.00246,0.79818,0.74344,0.68094,0.3578,1.83158,1.21713,0.01653,0.000741075,0.000741075,0.000741075
1114,1298.66,0.37693,0.14214,0.00167,0.82412,0.7595,0.6962,0.35784,1.82532,1.22308,0.01661,0.000740242,0.000740242,0.000740242
1115,1299.82,0.35739,0.13807,0.00174,0.83215,0.77125,0.68935,0.35163,1.82286,1.22644,0.01669,0.00073941,0.00073941,0.00073941
1116,1300.95,0.35597,0.14356,0.00197,0.82708,0.7627,0.6847,0.35176,1.81499,1.26799,0.0161,0.000738577,0.000738577,0.000738577
1117,1302.14,0.40375,0.16893,0.00249,0.82678,0.7627,0.69026,0.36371,1.82745,1.26833,0.01623,0.000737744,0.000737744,0.000737744
1118,1303.33,0.36321,0.14735,0.00217,0.80129,0.7627,0.67779,0.35257,1.83307,1.26927,0.01626,0.000736912,0.000736912,0.000736912
1119,1304.45,0.38424,0.16059,0.0019,0.75173,0.7627,0.66044,0.34758,1.82782,1.27883,0.01616,0.000736079,0.000736079,0.000736079
1120,1305.67,0.38405,0.14126,0.0021,0.78003,0.7627,0.66064,0.35233,1.81372,1.28295,0.01608,0.000735246,0.000735246,0.000735246
1121,1306.9,0.35226,0.13405,0.00199,0.78527,0.7627,0.66346,0.35424,1.81384,1.30307,0.01603,0.000734414,0.000734414,0.000734414
1122,1308.06,0.36129,0.14069,0.00192,0.80037,0.76125,0.66968,0.35289,1.82044,1.31855,0.01608,0.000733581,0.000733581,0.000733581
1123,1309.22,0.36507,0.16151,0.00173,0.79632,0.7627,0.68527,0.35124,1.83833,1.29377,0.01685,0.000732748,0.000732748,0.000732748
1124,1310.37,0.37618,0.1405,0.0021,0.81816,0.77698,0.70545,0.35328,1.82461,1.39173,0.01601,0.000731916,0.000731916,0.000731916
1125,1311.51,0.41141,0.15368,0.00215,0.8136,0.77698,0.69841,0.34913,1.83181,1.28996,0.01666,0.000731083,0.000731083,0.000731083
1126,1312.7,0.37055,0.15822,0.00215,0.76503,0.77698,0.68518,0.34396,1.82278,1.31491,0.01665,0.00073025,0.00073025,0.00073025
1127,1313.86,0.40298,0.15471,0.00203,0.72669,0.77698,0.67377,0.34072,1.80947,1.37049,0.01648,0.000729418,0.000729418,0.000729418
1128,1315.02,0.39554,0.16536,0.00172,0.75902,0.77698,0.67453,0.34436,1.80076,1.44603,0.01636,0.000728585,0.000728585,0.000728585
1129,1316.26,0.36401,0.19008,0.00236,0.75186,0.77984,0.66933,0.33957,1.79992,1.31417,0.01685,0.000727752,0.000727752,0.000727752
1130,1317.48,0.48464,0.15396,0.00228,0.69804,0.78415,0.66402,0.32539,1.7962,1.328,0.0168,0.00072692,0.00072692,0.00072692
1131,1318.66,0.37015,0.12035,0.00222,0.74119,0.7893,0.65934,0.32775,1.80095,1.37958,0.01686,0.000726087,0.000726087,0.000726087
1132,1319.85,0.32581,0.12508,0.00223,0.73691,0.78962,0.66018,0.33587,1.79671,1.37539,0.01662,0.000725254,0.000725254,0.000725254
1133,1320.99,0.36287,0.17872,0.00205,0.71836,0.81699,0.69207,0.35366,1.78272,1.37943,0.01618,0.000724422,0.000724422,0.000724422
1134,1322.13,0.37625,0.12018,0.00202,0.76404,0.78622,0.70665,0.36284,1.77321,1.35209,0.01614,0.000723589,0.000723589,0.000723589
1135,1323.28,0.42673,0.18321,0.00227,0.76597,0.78799,0.70761,0.36597,1.76513,1.33286,0.01607,0.000722756,0.000722756,0.000722756
1136,1324.45,0.42748,0.14355,0.00186,0.77293,0.78955,0.7031,0.35998,1.76659,1.34066,0.01608,0.000721924,0.000721924,0.000721924
1137,1325.64,0.40306,0.1452,0.0022,0.69965,0.76349,0.67016,0.3588,1.76374,1.32491,0.01612,0.000721091,0.000721091,0.000721091
1138,1326.83,0.43477,0.15399,0.00237,0.7211,0.76349,0.68475,0.36317,1.76587,1.28732,0.01606,0.000720258,0.000720258,0.000720258
1139,1328.03,0.34732,0.1357,0.0014,0.72323,0.79127,0.685,0.3612,1.76162,1.27842,0.01623,0.000719426,0.000719426,0.000719426
1140,1329.19,0.3457,0.15189,0.00166,0.72661,0.79127,0.69071,0.36677,1.76676,1.28031,0.01636,0.000718593,0.000718593,0.000718593
1141,1330.34,0.42278,0.16915,0.00198,0.68192,0.79127,0.69669,0.36595,1.76909,1.27594,0.01658,0.00071776,0.00071776,0.00071776
1142,1331.52,0.4612,0.1639,0.00271,0.80621,0.70794,0.69766,0.36884,1.77513,1.26937,0.01676,0.000716928,0.000716928,0.000716928
1143,1332.66,0.40174,0.13289,0.00232,0.78375,0.69365,0.67776,0.36685,1.77898,1.30411,0.01687,0.000716095,0.000716095,0.000716095
1144,1333.89,0.37763,0.16323,0.00298,0.7863,0.70497,0.67826,0.35841,1.78175,1.33224,0.01681,0.000715262,0.000715262,0.000715262
1145,1335.1,0.33958,0.13891,0.00167,0.81386,0.70794,0.68665,0.35998,1.79712,1.31296,0.01683,0.00071443,0.00071443,0.00071443
1146,1336.35,0.40705,0.17394,0.00208,0.81575,0.70794,0.68431,0.36251,1.7984,1.31462,0.01676,0.000713597,0.000713597,0.000713597
1147,1337.52,0.40688,0.14134,0.00191,0.80333,0.68736,0.67128,0.36083,1.79709,1.30539,0.01682,0.000712764,0.000712764,0.000712764
1148,1338.7,0.37411,0.14233,0.00211,0.81056,0.67937,0.67456,0.36072,1.79675,1.30832,0.01672,0.000711932,0.000711932,0.000711932
1149,1339.85,0.36717,0.1542,0.0022,0.81869,0.7148,0.682,0.36988,1.79108,1.34337,0.01636,0.000711099,0.000711099,0.000711099
1150,1341.01,0.37018,0.14923,0.00243,0.80555,0.71912,0.67874,0.36913,1.7939,1.34932,0.01641,0.000710266,0.000710266,0.000710266
1151,1342.16,0.39143,0.12933,0.0022,0.81246,0.67937,0.67106,0.36501,1.78241,1.36287,0.01638,0.000709434,0.000709434,0.000709434
1152,1343.3,0.39029,0.14345,0.00189,0.77003,0.71827,0.67052,0.3625,1.78765,1.35577,0.01647,0.000708601,0.000708601,0.000708601
1153,1344.47,0.34997,0.14611,0.00224,0.76892,0.7171,0.66879,0.36887,1.77915,1.36527,0.01571,0.000707768,0.000707768,0.000707768
1154,1345.62,0.39515,0.14143,0.00198,0.82067,0.67889,0.66582,0.36535,1.78033,1.37133,0.01569,0.000706936,0.000706936,0.000706936
1155,1346.77,0.37076,0.15819,0.0021,0.77244,0.69365,0.67656,0.36308,1.77591,1.38216,0.01571,0.000706103,0.000706103,0.000706103
1156,1347.93,0.41839,0.17938,0.0021,0.80892,0.67696,0.67779,0.36241,1.78033,1.39251,0.0157,0.00070527,0.00070527,0.00070527
1157,1349.09,0.43095,0.17268,0.00193,0.79934,0.66587,0.66839,0.36981,1.77808,1.44205,0.01628,0.000704438,0.000704438,0.000704438
1158,1350.23,0.37609,0.13629,0.00299,0.79991,0.66587,0.67043,0.37206,1.78548,1.35245,0.01616,0.000703605,0.000703605,0.000703605
1159,1351.4,0.41792,0.16156,0.00256,0.79998,0.66587,0.67139,0.37459,1.78133,1.3425,0.01613,0.000702772,0.000702772,0.000702772
1160,1352.54,0.45364,0.18327,0.00277,0.77413,0.68933,0.67591,0.37674,1.78715,1.35023,0.01599,0.00070194,0.00070194,0.00070194
1161,1353.67,0.37333,0.14263,0.0022,0.7796,0.7067,0.6935,0.37794,1.80243,1.35485,0.01597,0.000701107,0.000701107,0.000701107
1162,1354.88,0.37256,0.31603,0.00228,0.78707,0.72997,0.70178,0.37531,1.81795,1.34234,0.01594,0.000700274,0.000700274,0.000700274
1163,1356.08,0.37598,0.14296,0.00236,0.79399,0.731,0.70916,0.38152,1.81413,1.2903,0.01577,0.000699442,0.000699442,0.000699442
1164,1357.34,0.33722,0.14324,0.00206,0.79521,0.76263,0.74517,0.39486,1.8043,1.23931,0.01576,0.000698609,0.000698609,0.000698609
1165,1358.55,0.36869,0.16637,0.00255,0.79525,0.76175,0.74311,0.39104,1.80374,1.21866,0.01575,0.000697776,0.000697776,0.000697776
1166,1359.75,0.32684,0.12385,0.00189,0.79459,0.7787,0.73888,0.3843,1.80847,1.22355,0.01596,0.000696944,0.000696944,0.000696944
1167,1360.93,0.41695,0.15338,0.00201,0.77419,0.7343,0.71093,0.37678,1.8045,1.23706,0.01612,0.000696111,0.000696111,0.000696111
1168,1362.11,0.38198,0.15905,0.00188,0.80253,0.69365,0.67294,0.36999,1.81387,1.29866,0.0162,0.000695278,0.000695278,0.000695278
1169,1363.26,0.35229,0.1457,0.00186,0.79784,0.69365,0.68325,0.37825,1.83586,1.31008,0.01695,0.000694446,0.000694446,0.000694446
1170,1364.41,0.36524,0.159,0.00193,0.78251,0.71039,0.67657,0.37619,1.835,1.35319,0.01686,0.000693613,0.000693613,0.000693613
1171,1365.55,0.37922,0.16694,0.00376,0.73721,0.71914,0.66543,0.36328,1.82662,1.38961,0.01596,0.00069278,0.00069278,0.00069278
1172,1366.71,0.36002,0.13223,0.00191,0.70265,0.73927,0.66213,0.35366,1.81704,1.39424,0.01584,0.000691948,0.000691948,0.000691948
1173,1367.86,0.41683,0.14211,0.00228,0.81008,0.66587,0.68466,0.35713,1.79379,1.42419,0.01575,0.000691115,0.000691115,0.000691115
1174,1369.03,0.35351,0.16294,0.00206,0.80269,0.68782,0.69406,0.36566,1.80919,1.40219,0.01603,0.000690282,0.000690282,0.000690282
1175,1370.29,0.38071,0.20384,0.00267,0.72682,0.72005,0.69399,0.36694,1.82259,1.37937,0.01623,0.00068945,0.00068945,0.00068945
1176,1371.51,0.42033,0.15457,0.00224,0.82993,0.66411,0.6935,0.36147,1.83901,1.33637,0.01701,0.000688617,0.000688617,0.000688617
1177,1372.7,0.44974,0.17563,0.00291,0.7618,0.71611,0.71097,0.37224,1.8391,1.30931,0.01697,0.000687784,0.000687784,0.000687784
1178,1373.87,0.4007,0.12209,0.00231,0.70794,0.75283,0.69882,0.35971,1.84172,1.30187,0.01689,0.000686952,0.000686952,0.000686952
1179,1375.01,0.43401,0.13128,0.00236,0.7364,0.76296,0.70477,0.36451,1.84537,1.32797,0.01714,0.000686119,0.000686119,0.000686119
1180,1376.18,0.37552,0.17492,0.00229,0.74829,0.76109,0.70368,0.36416,1.85412,1.31851,0.01679,0.000685286,0.000685286,0.000685286
1181,1377.35,0.33795,0.16761,0.002,0.7256,0.73079,0.67335,0.36642,1.86707,1.31412,0.0169,0.000684454,0.000684454,0.000684454
1182,1378.48,0.37209,0.14664,0.00304,0.76405,0.69365,0.6709,0.36416,1.87625,1.31596,0.01707,0.000683621,0.000683621,0.000683621
1183,1379.65,0.40311,0.1633,0.00275,0.71826,0.70714,0.65684,0.35661,1.88868,1.27025,0.01721,0.000682788,0.000682788,0.000682788
1184,1380.8,0.32847,0.14319,0.00215,0.72833,0.70546,0.66115,0.34839,1.87996,1.30189,0.0173,0.000681956,0.000681956,0.000681956
1185,1381.92,0.35252,0.19165,0.00186,0.68437,0.67707,0.63545,0.33612,1.88057,1.40425,0.01765,0.000681123,0.000681123,0.000681123
1186,1383.07,0.40138,0.14997,0.00198,0.77244,0.63552,0.64004,0.33876,1.86925,1.40357,0.01757,0.00068029,0.00068029,0.00068029
1187,1384.2,0.4551,0.14047,0.00218,0.73221,0.708,0.66433,0.34862,1.85955,1.40189,0.01753,0.000679458,0.000679458,0.000679458
1188,1385.4,0.35038,0.13499,0.00197,0.72893,0.71479,0.66905,0.35975,1.8435,1.39818,0.01744,0.000678625,0.000678625,0.000678625
1189,1386.65,0.3909,0.13178,0.00191,0.79725,0.69025,0.67507,0.35931,1.83916,1.39403,0.01737,0.000677792,0.000677792,0.000677792
1190,1387.82,0.4382,0.18148,0.00181,0.7526,0.71405,0.6732,0.35847,1.83992,1.38362,0.0175,0.00067696,0.00067696,0.00067696
1191,1389.02,0.40202,0.15244,0.00222,0.78579,0.70473,0.66814,0.36002,1.8428,1.39918,0.01749,0.000676127,0.000676127,0.000676127
1192,1390.19,0.3626,0.1677,0.00189,0.78551,0.69365,0.6662,0.36392,1.83545,1.37838,0.01738,0.000675294,0.000675294,0.000675294
1193,1391.4,0.40742,0.1463,0.00223,0.78579,0.69365,0.66953,0.36396,1.83256,1.38373,0.01724,0.000674462,0.000674462,0.000674462
1194,1392.61,0.31388,0.12012,0.0023,0.78589,0.69365,0.66695,0.35623,1.83062,1.42077,0.01696,0.000673629,0.000673629,0.000673629
1195,1393.8,0.37663,0.18789,0.00176,0.77706,0.69019,0.66776,0.3566,1.81462,1.42905,0.01738,0.000672796,0.000672796,0.000672796
1196,1394.95,0.37742,0.22778,0.00232,0.69766,0.74321,0.68175,0.36758,1.81767,1.41679,0.01786,0.000671964,0.000671964,0.000671964
1197,1396.1,0.32498,0.12923,0.00185,0.75828,0.72143,0.68487,0.3664,1.81883,1.41188,0.01798,0.000671131,0.000671131,0.000671131
1198,1397.26,0.43322,0.16548,0.00224,0.73885,0.71845,0.6856,0.36407,1.83031,1.45967,0.01733,0.000670298,0.000670298,0.000670298
1199,1398.43,0.35855,0.10928,0.00196,0.74308,0.7157,0.68021,0.36523,1.83071,1.40589,0.01731,0.000669466,0.000669466,0.000669466
1200,1399.62,0.34036,0.1227,0.00223,0.75301,0.69042,0.67245,0.36069,1.8344,1.45542,0.017,0.000668633,0.000668633,0.000668633
1201,1400.79,0.33541,0.11893,0.00191,0.71794,0.68813,0.67364,0.36018,1.84558,1.43822,0.01703,0.0006678,0.0006678,0.0006678
1202,1401.94,0.31772,0.15226,0.00171,0.74664,0.6381,0.64755,0.3431,1.85455,1.42502,0.01734,0.000666968,0.000666968,0.000666968
1203,1403.17,0.37044,0.16252,0.00218,0.78051,0.6381,0.66588,0.35462,1.88315,1.33433,0.01777,0.000666135,0.000666135,0.000666135
1204,1404.35,0.36292,0.19406,0.002,0.71209,0.6381,0.65166,0.34468,1.89369,1.40966,0.01775,0.000665302,0.000665302,0.000665302
1205,1405.52,0.37996,0.13716,0.00205,0.62189,0.71374,0.65078,0.34623,1.89564,1.39824,0.018,0.00066447,0.00066447,0.00066447
1206,1406.67,0.38114,0.1355,0.00174,0.73226,0.62251,0.63734,0.34114,1.90939,1.40413,0.01798,0.000663637,0.000663637,0.000663637
1207,1407.82,0.36819,0.12852,0.0016,0.77022,0.62246,0.649,0.34212,1.89363,1.46581,0.0179,0.000662804,0.000662804,0.000662804
1208,1408.98,0.36126,0.13783,0.00194,0.75603,0.62381,0.66668,0.34572,1.87921,1.46799,0.01793,0.000661972,0.000661972,0.000661972
1209,1410.2,0.33048,0.1648,0.00211,0.72937,0.66822,0.6767,0.34998,1.86025,1.5116,0.01785,0.000661139,0.000661139,0.000661139
1210,1411.37,0.35351,0.16538,0.00172,0.81085,0.62041,0.6833,0.35504,1.85342,1.49141,0.01789,0.000660306,0.000660306,0.000660306
1211,1412.52,0.38319,0.15155,0.00247,0.69474,0.70476,0.68384,0.35928,1.84261,1.50054,0.01785,0.000659474,0.000659474,0.000659474
1212,1413.67,0.37103,0.14763,0.00183,0.72953,0.73414,0.69211,0.3616,1.82977,1.4451,0.01746,0.000658641,0.000658641,0.000658641
1213,1414.81,0.40369,0.20202,0.00164,0.74431,0.74921,0.70081,0.3626,1.84747,1.3828,0.01739,0.000657808,0.000657808,0.000657808
1214,1415.97,0.36552,0.1387,0.0022,0.74219,0.74921,0.70451,0.36647,1.84013,1.32802,0.0171,0.000656976,0.000656976,0.000656976
1215,1417.12,0.34284,0.14036,0.00235,0.76014,0.73039,0.69329,0.36632,1.83728,1.35262,0.017,0.000656143,0.000656143,0.000656143
1216,1418.3,0.33418,0.12817,0.00181,0.74313,0.70714,0.66888,0.36777,1.84147,1.37051,0.01713,0.00065531,0.00065531,0.00065531
1217,1419.46,0.36891,0.14439,0.00189,0.71424,0.71534,0.65661,0.36082,1.84876,1.43592,0.01735,0.000654478,0.000654478,0.000654478
1218,1420.62,0.43045,0.17245,0.00213,0.70047,0.71841,0.65461,0.35468,1.83326,1.43145,0.01767,0.000653645,0.000653645,0.000653645
1219,1421.77,0.35401,0.13148,0.00212,0.71217,0.7241,0.67737,0.36204,1.81312,1.43241,0.01747,0.000652812,0.000652812,0.000652812
1220,1422.92,0.3991,0.14045,0.00193,0.72757,0.73986,0.72327,0.37286,1.80901,1.41571,0.01738,0.00065198,0.00065198,0.00065198
1221,1424.13,0.39752,0.13313,0.00191,0.73018,0.74307,0.72991,0.38667,1.80671,1.32665,0.01736,0.000651147,0.000651147,0.000651147
1222,1425.34,0.35399,0.12284,0.00172,0.77918,0.71553,0.72356,0.38609,1.80755,1.29377,0.01722,0.000650314,0.000650314,0.000650314
1223,1426.58,0.38893,0.15028,0.00201,0.74892,0.73983,0.72485,0.39257,1.8282,1.24572,0.01706,0.000649482,0.000649482,0.000649482
1224,1427.8,0.37124,0.13417,0.00222,0.74886,0.74161,0.72853,0.3973,1.82539,1.25378,0.01733,0.000648649,0.000648649,0.000648649
1225,1428.99,0.38088,0.15968,0.00178,0.7503,0.73885,0.72721,0.39458,1.83307,1.23061,0.01707,0.000647816,0.000647816,0.000647816
1226,1430.19,0.40256,0.12901,0.00199,0.78863,0.74041,0.7297,0.38925,1.82206,1.22073,0.01695,0.000646984,0.000646984,0.000646984
1227,1431.37,0.43379,0.14398,0.00195,0.78479,0.7453,0.74791,0.39706,1.81199,1.20771,0.01682,0.000646151,0.000646151,0.000646151
1228,1432.45,0.37924,0.14177,0.00174,0.78925,0.74921,0.75995,0.40274,1.8097,1.19183,0.01655,0.000645318,0.000645318,0.000645318
1229,1433.69,0.31905,0.12043,0.0017,0.79725,0.74921,0.76029,0.40692,1.81841,1.18085,0.01652,0.000644486,0.000644486,0.000644486
1230,1435.01,0.32423,0.14697,0.00231,0.79178,0.74921,0.75802,0.4071,1.80728,1.1955,0.01663,0.000643653,0.000643653,0.000643653
1231,1436.28,0.40008,0.15214,0.00206,0.75725,0.74921,0.73554,0.39978,1.80927,1.19425,0.01666,0.00064282,0.00064282,0.00064282
1232,1437.5,0.34753,0.13419,0.00174,0.76762,0.74921,0.72753,0.38845,1.80885,1.20999,0.01663,0.000641988,0.000641988,0.000641988
1233,1438.72,0.35955,0.12289,0.00161,0.75703,0.74921,0.71769,0.38636,1.79426,1.229,0.01656,0.000641155,0.000641155,0.000641155
1234,1439.89,0.35966,0.16785,0.00172,0.72376,0.72143,0.71834,0.38119,1.79108,1.25108,0.01669,0.000640322,0.000640322,0.000640322
1235,1441.06,0.40211,0.1472,0.0023,0.71438,0.72143,0.71533,0.3803,1.78266,1.28774,0.01663,0.00063949,0.00063949,0.00063949
1236,1442.22,0.36487,0.12362,0.002,0.7185,0.74921,0.71563,0.37932,1.79086,1.37443,0.01668,0.000638657,0.000638657,0.000638657
1237,1443.36,0.38271,0.12619,0.00175,0.75305,0.76243,0.71967,0.38891,1.80209,1.37843,0.01672,0.000637824,0.000637824,0.000637824
1238,1444.51,0.3682,0.12595,0.00224,0.747,0.77698,0.71909,0.38335,1.82483,1.38822,0.01682,0.000636992,0.000636992,0.000636992
1239,1445.65,0.31017,0.13725,0.00155,0.7448,0.7469,0.71937,0.38455,1.83282,1.33579,0.01704,0.000636159,0.000636159,0.000636159
1240,1446.8,0.41256,0.16301,0.00225,0.76662,0.71776,0.71395,0.37743,1.83916,1.32324,0.01718,0.000635326,0.000635326,0.000635326
1241,1447.97,0.36963,0.13632,0.00211,0.81211,0.71955,0.7135,0.37389,1.84969,1.3134,0.01732,0.000634494,0.000634494,0.000634494
1242,1449.18,0.34583,0.13073,0.00195,0.77648,0.73908,0.71356,0.38287,1.85444,1.31396,0.01756,0.000633661,0.000633661,0.000633661
1243,1450.34,0.3713,0.14722,0.00234,0.79162,0.73934,0.71521,0.38463,1.86067,1.3148,0.01775,0.000632828,0.000632828,0.000632828
1244,1451.53,0.36926,0.13298,0.00187,0.78941,0.73661,0.71239,0.38335,1.87136,1.31668,0.01791,0.000631996,0.000631996,0.000631996
1245,1452.67,0.3797,0.12902,0.00223,0.78517,0.74103,0.71336,0.37796,1.87506,1.26252,0.01803,0.000631163,0.000631163,0.000631163
1246,1453.84,0.35728,0.11394,0.00183,0.78706,0.74879,0.71354,0.38251,1.86976,1.25844,0.01803,0.00063033,0.00063033,0.00063033
1247,1455,0.32937,0.12384,0.00199,0.75811,0.74921,0.71439,0.37605,1.85548,1.3256,0.01735,0.000629498,0.000629498,0.000629498
1248,1456.15,0.31561,0.15845,0.00172,0.75694,0.73419,0.71585,0.38284,1.86311,1.2804,0.01795,0.000628665,0.000628665,0.000628665
1249,1457.31,0.32344,0.14025,0.00158,0.7342,0.73608,0.7146,0.38578,1.85838,1.28589,0.01787,0.000627832,0.000627832,0.000627832
1250,1458.47,0.37927,0.13975,0.00197,0.7498,0.72143,0.71263,0.38683,1.84892,1.26124,0.01774,0.000627,0.000627,0.000627
1251,1459.68,0.30261,0.10777,0.00153,0.75141,0.72143,0.70401,0.38221,1.82805,1.27701,0.01833,0.000626167,0.000626167,0.000626167
1252,1460.91,0.40497,0.14981,0.00231,0.80498,0.73561,0.71522,0.37733,1.82623,1.27699,0.01828,0.000625334,0.000625334,0.000625334
1253,1462.15,0.34016,0.14329,0.00175,0.80283,0.73571,0.71446,0.3782,1.80996,1.38647,0.01721,0.000624502,0.000624502,0.000624502
1254,1463.32,0.35244,0.14005,0.00207,0.78986,0.72143,0.69413,0.38237,1.80258,1.37445,0.01713,0.000623669,0.000623669,0.000623669
1255,1464.56,0.33703,0.10951,0.00198,0.79142,0.72143,0.69635,0.38383,1.79848,1.36403,0.01712,0.000622836,0.000622836,0.000622836
1256,1465.73,0.34954,0.14776,0.00203,0.76599,0.70714,0.67378,0.37528,1.79616,1.36846,0.01726,0.000622004,0.000622004,0.000622004
1257,1466.91,0.41996,0.15185,0.00165,0.78912,0.72143,0.69278,0.36599,1.80121,1.35219,0.01735,0.000621171,0.000621171,0.000621171
1258,1468.08,0.32955,0.11251,0.00165,0.75852,0.72143,0.68308,0.35807,1.81786,1.35285,0.01743,0.000620338,0.000620338,0.000620338
1259,1469.24,0.36863,0.16838,0.00188,0.7529,0.76067,0.70331,0.36785,1.81419,1.35877,0.01746,0.000619506,0.000619506,0.000619506
1260,1470.4,0.36344,0.16964,0.00222,0.75308,0.77909,0.70825,0.36817,1.82507,1.29495,0.01745,0.000618673,0.000618673,0.000618673
1261,1471.57,0.33214,0.15892,0.00226,0.70727,0.74198,0.67552,0.361,1.82469,1.32761,0.01736,0.00061784,0.00061784,0.00061784
1262,1472.76,0.36139,0.12715,0.00151,0.73151,0.67937,0.66069,0.35404,1.82073,1.34311,0.0173,0.000617008,0.000617008,0.000617008
1263,1473.94,0.31934,0.11433,0.00183,0.7308,0.67937,0.65414,0.35514,1.82757,1.36644,0.01736,0.000616175,0.000616175,0.000616175
1264,1475.08,0.31209,0.11045,0.00175,0.72823,0.67937,0.64408,0.34716,1.81986,1.40345,0.01714,0.000615342,0.000615342,0.000615342
1265,1476.25,0.34152,0.15553,0.00187,0.74316,0.69365,0.68949,0.36129,1.81769,1.41517,0.01719,0.00061451,0.00061451,0.00061451
1266,1477.41,0.30298,0.11475,0.00164,0.73081,0.69365,0.6907,0.36388,1.80715,1.40014,0.01724,0.000613677,0.000613677,0.000613677
1267,1478.57,0.32253,0.13291,0.00182,0.72946,0.69365,0.68993,0.36278,1.81117,1.27895,0.01835,0.000612844,0.000612844,0.000612844
1268,1479.75,0.36214,0.13286,0.00178,0.7384,0.69365,0.69415,0.36447,1.8075,1.25099,0.01824,0.000612012,0.000612012,0.000612012
1269,1480.94,0.31863,0.10968,0.00223,0.73706,0.69365,0.69473,0.36541,1.81532,1.2477,0.01811,0.000611179,0.000611179,0.000611179
1270,1482.1,0.35214,0.138,0.00186,0.77109,0.69365,0.70186,0.36684,1.82158,1.23002,0.01817,0.000610346,0.000610346,0.000610346
1271,1483.25,0.37504,0.14597,0.00181,0.73515,0.69365,0.70798,0.37717,1.82512,1.21196,0.018,0.000609514,0.000609514,0.000609514
1272,1484.41,0.28154,0.09663,0.00188,0.74708,0.70225,0.71178,0.38068,1.83288,1.13623,0.0177,0.000608681,0.000608681,0.000608681
1273,1485.56,0.33327,0.11585,0.00174,0.70416,0.72143,0.71332,0.37653,1.83531,1.12558,0.01767,0.000607848,0.000607848,0.000607848
1274,1486.72,0.30595,0.11517,0.00158,0.70098,0.72143,0.70594,0.37335,1.83732,1.12689,0.01788,0.000607016,0.000607016,0.000607016
1275,1487.87,0.31479,0.14486,0.00168,0.76094,0.69365,0.70256,0.36299,1.84127,1.12568,0.0179,0.000606183,0.000606183,0.000606183
1276,1489.04,0.36796,0.13246,0.00201,0.71993,0.7468,0.70247,0.36928,1.8448,1.11878,0.01801,0.00060535,0.00060535,0.00060535
1277,1490.24,0.36081,0.12198,0.00195,0.72681,0.76122,0.70581,0.36991,1.84235,1.10525,0.01806,0.000604518,0.000604518,0.000604518
1278,1491.44,0.38915,0.15791,0.00212,0.72534,0.74921,0.70368,0.36944,1.83017,1.11997,0.01755,0.000603685,0.000603685,0.000603685
1279,1492.63,0.33549,0.13602,0.0017,0.74657,0.76455,0.70448,0.37026,1.83394,1.11338,0.01759,0.000602852,0.000602852,0.000602852
1280,1493.8,0.35525,0.14459,0.0021,0.76819,0.73818,0.7047,0.36801,1.83703,1.11793,0.01758,0.00060202,0.00060202,0.00060202
1281,1494.93,0.35436,0.11768,0.00192,0.76559,0.73492,0.70078,0.36602,1.84002,1.11794,0.01782,0.000601187,0.000601187,0.000601187
1282,1496.14,0.3605,0.1186,0.00184,0.76201,0.75951,0.69202,0.35941,1.84062,1.10277,0.01804,0.000600354,0.000600354,0.000600354
1283,1497.38,0.34634,0.11433,0.00238,0.77035,0.73492,0.68729,0.35872,1.83847,1.10956,0.01794,0.000599522,0.000599522,0.000599522
1284,1498.6,0.39907,0.159,0.00188,0.8025,0.73422,0.69136,0.34937,1.8395,1.15564,0.01743,0.000598689,0.000598689,0.000598689
1285,1499.82,0.4021,0.13994,0.00187,0.7841,0.73492,0.67517,0.34072,1.86299,1.14693,0.01806,0.000597856,0.000597856,0.000597856
1286,1501.06,0.32371,0.1056,0.00208,0.77976,0.73638,0.67062,0.34905,1.85989,1.14182,0.01801,0.000597024,0.000597024,0.000597024
1287,1502.22,0.32546,0.12996,0.00173,0.76236,0.72563,0.66735,0.35789,1.83149,1.16672,0.01792,0.000596191,0.000596191,0.000596191
1288,1503.4,0.33872,0.12348,0.002,0.75214,0.70714,0.66843,0.36492,1.82639,1.22188,0.01688,0.000595358,0.000595358,0.000595358
1289,1504.53,0.36862,0.17624,0.00242,0.74977,0.70714,0.66419,0.36106,1.85157,1.17351,0.01699,0.000594526,0.000594526,0.000594526
1290,1505.65,0.36595,0.14036,0.00202,0.77492,0.70026,0.66517,0.36061,1.85271,1.17625,0.01677,0.000593693,0.000593693,0.000593693
1291,1506.8,0.37541,0.1535,0.0021,0.75176,0.70714,0.66917,0.36248,1.85454,1.15501,0.01674,0.00059286,0.00059286,0.00059286
1292,1507.92,0.31613,0.11601,0.00199,0.74738,0.72025,0.66822,0.36335,1.85185,1.16883,0.01671,0.000592028,0.000592028,0.000592028
1293,1509.03,0.28851,0.13646,0.00196,0.75021,0.70714,0.66376,0.36263,1.85312,1.13831,0.01686,0.000591195,0.000591195,0.000591195
1294,1510.16,0.30723,0.13359,0.00176,0.71084,0.7627,0.67243,0.36606,1.83672,1.1619,0.0171,0.000590362,0.000590362,0.000590362
1295,1511.4,0.32735,0.14506,0.00183,0.73106,0.74029,0.67721,0.36778,1.84138,1.17754,0.01753,0.00058953,0.00058953,0.00058953
1296,1512.58,0.3737,0.14928,0.00177,0.7445,0.77427,0.70004,0.37495,1.85915,1.1343,0.01742,0.000588697,0.000588697,0.000588697
1297,1513.75,0.32975,0.13654,0.00176,0.79837,0.72143,0.69725,0.37014,1.83771,1.18313,0.01758,0.000587864,0.000587864,0.000587864
1298,1514.9,0.35378,0.12962,0.00152,0.79971,0.72143,0.69384,0.3656,1.83583,1.19152,0.01761,0.000587032,0.000587032,0.000587032
1299,1516.05,0.35113,0.12711,0.00203,0.76704,0.74921,0.70712,0.36434,1.83451,1.20534,0.01758,0.000586199,0.000586199,0.000586199
1300,1517.2,0.35977,0.15407,0.00208,0.74131,0.76349,0.72177,0.369,1.84021,1.17305,0.01738,0.000585366,0.000585366,0.000585366
1301,1518.37,0.37704,0.16275,0.00171,0.72977,0.74921,0.69354,0.35672,1.83567,1.18633,0.01744,0.000584534,0.000584534,0.000584534
1302,1519.52,0.35645,0.12148,0.00184,0.77495,0.72096,0.69528,0.35508,1.82009,1.11473,0.01798,0.000583701,0.000583701,0.000583701
1303,1520.72,0.30958,0.14445,0.00169,0.81398,0.74504,0.69416,0.35121,1.82117,1.10835,0.01781,0.000582868,0.000582868,0.000582868
1304,1521.95,0.35159,0.13427,0.00171,0.79869,0.7461,0.68674,0.34074,1.82677,1.10958,0.01779,0.000582036,0.000582036,0.000582036
1305,1523.16,0.29692,0.17425,0.00172,0.80282,0.73492,0.70433,0.35186,1.82777,1.08143,0.01761,0.000581203,0.000581203,0.000581203
1306,1524.33,0.35349,0.13215,0.00156,0.81095,0.74061,0.71009,0.3572,1.84138,1.15349,0.01682,0.00058037,0.00058037,0.00058037
1307,1525.52,0.32686,0.11445,0.00166,0.84215,0.755,0.73491,0.35996,1.84708,1.1469,0.01682,0.000579538,0.000579538,0.000579538
1308,1526.68,0.29769,0.10934,0.0015,0.84804,0.75752,0.73523,0.36442,1.84266,1.13898,0.01679,0.000578705,0.000578705,0.000578705
1309,1527.83,0.32579,0.13245,0.00166,0.81384,0.74521,0.73369,0.36519,1.82978,1.05431,0.01753,0.000577872,0.000577872,0.000577872
1310,1528.99,0.35155,0.15932,0.00195,0.81088,0.74921,0.72958,0.36417,1.82965,1.04738,0.01754,0.00057704,0.00057704,0.00057704
1311,1530.14,0.31523,0.11493,0.00233,0.82825,0.78669,0.73674,0.36276,1.84372,1.06096,0.01764,0.000576207,0.000576207,0.000576207
1312,1531.32,0.37809,0.13607,0.00186,0.83767,0.78765,0.73674,0.36469,1.84234,1.06805,0.01769,0.000575374,0.000575374,0.000575374
1313,1532.5,0.37425,0.12098,0.00297,0.81567,0.77583,0.73461,0.36577,1.84427,1.08063,0.0177,0.000574542,0.000574542,0.000574542
1314,1533.68,0.29612,0.1061,0.00214,0.80053,0.78949,0.73399,0.36944,1.83931,1.10603,0.01776,0.000573709,0.000573709,0.000573709
1315,1534.84,0.3664,0.13086,0.00187,0.78249,0.79004,0.72768,0.35952,1.84439,1.10159,0.01781,0.000572876,0.000572876,0.000572876
1316,1536.08,0.34291,0.16147,0.00183,0.78584,0.77711,0.72393,0.3585,1.85286,1.12018,0.01784,0.000572044,0.000572044,0.000572044
1317,1537.3,0.31703,0.12737,0.00186,0.80758,0.75711,0.71633,0.35535,1.85501,1.11876,0.01786,0.000571211,0.000571211,0.000571211
1318,1538.48,0.3542,0.16635,0.00189,0.8123,0.75044,0.72087,0.36195,1.85741,1.11675,0.01793,0.000570378,0.000570378,0.000570378
1319,1539.74,0.30465,0.12066,0.00193,0.81884,0.73571,0.72539,0.37366,1.84911,1.13155,0.01794,0.000569546,0.000569546,0.000569546
1320,1540.94,0.33331,0.11162,0.00169,0.81347,0.73505,0.72113,0.36904,1.84847,1.15452,0.01791,0.000568713,0.000568713,0.000568713
1321,1542.12,0.31473,0.11042,0.00184,0.80583,0.73571,0.7294,0.37362,1.85553,1.22826,0.01711,0.00056788,0.00056788,0.00056788
1322,1543.29,0.34229,0.12335,0.0016,0.75885,0.72143,0.7208,0.37449,1.8521,1.22384,0.01715,0.000567048,0.000567048,0.000567048
1323,1544.46,0.29975,0.12339,0.00146,0.76988,0.71531,0.70843,0.37433,1.85547,1.21611,0.01717,0.000566215,0.000566215,0.000566215
1324,1545.6,0.34176,0.14996,0.00151,0.68987,0.72754,0.7047,0.377,1.85008,1.22191,0.01715,0.000565382,0.000565382,0.000565382
1325,1546.73,0.40345,0.13046,0.00207,0.73236,0.718,0.70267,0.37026,1.8536,1.22531,0.01699,0.00056455,0.00056455,0.00056455
1326,1547.88,0.33676,0.12853,0.00266,0.75585,0.69365,0.69207,0.3587,1.8625,1.17363,0.01699,0.000563717,0.000563717,0.000563717
1327,1549.04,0.3328,0.15013,0.00146,0.78295,0.70725,0.71299,0.35586,1.87107,1.183,0.01703,0.000562884,0.000562884,0.000562884
1328,1550.19,0.34238,0.11482,0.00184,0.73431,0.69365,0.69006,0.34955,1.8755,1.19076,0.01705,0.000562052,0.000562052,0.000562052
1329,1551.35,0.31965,0.12131,0.00182,0.76071,0.66587,0.68598,0.35029,1.87903,1.2079,0.01704,0.000561219,0.000561219,0.000561219
1330,1552.53,0.30322,0.12629,0.00163,0.74271,0.65159,0.66703,0.3541,1.88223,1.23106,0.01701,0.000560386,0.000560386,0.000560386
1331,1553.78,0.34408,0.16471,0.00193,0.73974,0.65159,0.65185,0.34793,1.8749,1.24329,0.01699,0.000559554,0.000559554,0.000559554
1332,1555.06,0.29156,0.12239,0.00152,0.78461,0.64969,0.65179,0.34555,1.86311,1.26982,0.01633,0.000558721,0.000558721,0.000558721
1333,1556.14,0.33169,0.12856,0.00198,0.74246,0.65159,0.65422,0.35577,1.86141,1.25584,0.01631,0.000557888,0.000557888,0.000557888
1334,1557.21,0.31766,0.12512,0.00159,0.72229,0.65159,0.65462,0.34837,1.85513,1.29118,0.01708,0.000557056,0.000557056,0.000557056
1335,1558.34,0.38055,0.1413,0.00163,0.6405,0.70714,0.65569,0.35272,1.8686,1.27831,0.01778,0.000556223,0.000556223,0.000556223
1336,1559.53,0.3506,0.15702,0.0015,0.64911,0.70714,0.64615,0.34889,1.86845,1.2141,0.01775,0.00055539,0.00055539,0.00055539
1337,1560.56,0.35441,0.12614,0.00184,0.62203,0.67937,0.63441,0.33621,1.87064,1.25129,0.01772,0.000554558,0.000554558,0.000554558
1338,1561.71,0.38802,0.13434,0.00153,0.74819,0.61803,0.62857,0.33411,1.8721,1.2922,0.01775,0.000553725,0.000553725,0.000553725
1339,1562.9,0.3227,0.13803,0.00174,0.76039,0.63214,0.65089,0.3369,1.88663,1.35923,0.01723,0.000552892,0.000552892,0.000552892
1340,1564.15,0.3581,0.14135,0.00181,0.65857,0.73378,0.65133,0.3393,1.88238,1.35365,0.01715,0.00055206,0.00055206,0.00055206
1341,1565.24,0.30667,0.10608,0.00184,0.67694,0.6745,0.6352,0.3367,1.87796,1.33481,0.01718,0.000551227,0.000551227,0.000551227
1342,1566.39,0.3137,0.12126,0.0016,0.65311,0.70703,0.63497,0.3365,1.87185,1.30671,0.01707,0.000550394,0.000550394,0.000550394
1343,1567.46,0.37492,0.17746,0.00175,0.66164,0.70714,0.63563,0.33823,1.86711,1.31498,0.01691,0.000549562,0.000549562,0.000549562
1344,1568.59,0.29993,0.09965,0.00172,0.67686,0.70714,0.63429,0.34176,1.86492,1.29389,0.01676,0.000548729,0.000548729,0.000548729
1345,1569.7,0.38772,0.14931,0.00165,0.68908,0.70714,0.63872,0.34368,1.84133,1.38513,0.01605,0.000547896,0.000547896,0.000547896
1346,1570.86,0.32893,0.16208,0.00215,0.72374,0.72811,0.68895,0.35501,1.843,1.27836,0.01605,0.000547064,0.000547064,0.000547064
1347,1571.92,0.33925,0.12325,0.00155,0.70196,0.70794,0.69276,0.35736,1.85024,1.29373,0.0161,0.000546231,0.000546231,0.000546231
1348,1573.03,0.32975,0.12555,0.00165,0.72796,0.70794,0.6994,0.36061,1.84225,1.34008,0.01609,0.000545398,0.000545398,0.000545398
1349,1574.09,0.30734,0.13007,0.00155,0.73919,0.70753,0.69928,0.35443,1.83316,1.35398,0.01606,0.000544566,0.000544566,0.000544566
1350,1575.15,0.33895,0.11986,0.00139,0.74465,0.7017,0.7042,0.36111,1.81681,1.35767,0.01624,0.000543733,0.000543733,0.000543733
1351,1576.29,0.29579,0.11777,0.00211,0.7427,0.70052,0.71575,0.37223,1.8144,1.35031,0.01649,0.0005429,0.0005429,0.0005429
1352,1577.4,0.2836,0.11554,0.00166,0.78431,0.67677,0.71967,0.37051,1.81219,1.27528,0.0166,0.000542068,0.000542068,0.000542068
1353,1578.55,0.28869,0.12638,0.00188,0.78498,0.67971,0.72207,0.37446,1.80511,1.27981,0.01647,0.000541235,0.000541235,0.000541235
1354,1579.76,0.28211,0.12236,0.00157,0.77103,0.68016,0.71154,0.36305,1.82155,1.24602,0.017,0.000540402,0.000540402,0.000540402
1355,1580.84,0.36472,0.13922,0.0016,0.73278,0.74352,0.7093,0.36208,1.82277,1.23188,0.01688,0.00053957,0.00053957,0.00053957
1356,1581.95,0.34426,0.12442,0.002,0.74387,0.74112,0.70057,0.36017,1.84273,1.21595,0.01702,0.000538737,0.000538737,0.000538737
1357,1583.12,0.34863,0.1234,0.0022,0.76811,0.75323,0.70457,0.36568,1.85681,1.21428,0.01725,0.000537904,0.000537904,0.000537904
1358,1584.17,0.30437,0.13726,0.00157,0.76927,0.76349,0.7086,0.37006,1.86188,1.23738,0.01727,0.000537072,0.000537072,0.000537072
1359,1585.23,0.3637,0.14804,0.00301,0.76739,0.76349,0.71533,0.37412,1.85887,1.21674,0.01715,0.000536239,0.000536239,0.000536239
1360,1586.27,0.29497,0.12686,0.00218,0.76694,0.76349,0.72131,0.37897,1.84552,1.21834,0.01679,0.000535406,0.000535406,0.000535406
1361,1587.33,0.33017,0.10927,0.00167,0.77914,0.76349,0.72318,0.38339,1.82676,1.128,0.01749,0.000534574,0.000534574,0.000534574
1362,1588.38,0.30441,0.12068,0.00193,0.78766,0.76349,0.72318,0.38441,1.8294,1.15102,0.01668,0.000533741,0.000533741,0.000533741
1363,1589.58,0.32388,0.21072,0.00201,0.8151,0.76349,0.73108,0.39064,1.82799,1.13927,0.01662,0.000532908,0.000532908,0.000532908
1364,1590.83,0.35417,0.13987,0.00186,0.81271,0.76349,0.75394,0.39846,1.82427,1.12592,0.01659,0.000532076,0.000532076,0.000532076
1365,1591.89,0.29446,0.10196,0.00146,0.81215,0.76349,0.7529,0.40015,1.82087,1.11848,0.01659,0.000531243,0.000531243,0.000531243
1366,1592.99,0.29858,0.1402,0.00133,0.80944,0.76349,0.75,0.39987,1.81657,1.11559,0.01658,0.00053041,0.00053041,0.00053041
1367,1593.95,0.31176,0.11623,0.00151,0.79943,0.74921,0.73193,0.39512,1.81433,1.11574,0.01653,0.000529578,0.000529578,0.000529578
1368,1594.89,0.35029,0.15654,0.00161,0.80413,0.74921,0.73193,0.39143,1.81553,1.12204,0.01648,0.000528745,0.000528745,0.000528745
1369,1595.82,0.27098,0.13898,0.00156,0.81693,0.74736,0.73515,0.39191,1.81441,1.13919,0.01641,0.000527912,0.000527912,0.000527912
1370,1596.77,0.34672,0.13045,0.00148,0.80701,0.74311,0.72858,0.38655,1.81429,1.11217,0.01735,0.00052708,0.00052708,0.00052708
1371,1597.7,0.30478,0.11422,0.00156,0.77546,0.74921,0.72286,0.38154,1.82738,1.11806,0.01746,0.000526247,0.000526247,0.000526247
1372,1598.64,0.3242,0.12677,0.00152,0.78,0.74921,0.72199,0.37992,1.84787,1.22931,0.01684,0.000525414,0.000525414,0.000525414
1373,1599.57,0.315,0.13965,0.00188,0.78002,0.74921,0.73741,0.38177,1.85901,1.24278,0.01686,0.000524582,0.000524582,0.000524582
1374,1600.5,0.33886,0.20882,0.00199,0.79925,0.77688,0.74008,0.38082,1.85743,1.23177,0.01681,0.000523749,0.000523749,0.000523749
1375,1601.42,0.31048,0.17003,0.00194,0.82139,0.78211,0.73343,0.36787,1.86101,1.24457,0.01684,0.000522916,0.000522916,0.000522916
1376,1602.35,0.36069,0.17987,0.00191,0.79035,0.79127,0.7224,0.36139,1.86051,1.26153,0.01691,0.000522084,0.000522084,0.000522084
1377,1603.28,0.34081,0.13425,0.00203,0.8022,0.78689,0.71836,0.36284,1.85374,1.25738,0.01691,0.000521251,0.000521251,0.000521251
1378,1604.21,0.30499,0.12129,0.0016,0.78002,0.77698,0.69708,0.35818,1.8556,1.24963,0.01716,0.000520418,0.000520418,0.000520418
1379,1605.14,0.31542,0.11002,0.00154,0.78318,0.77698,0.69203,0.35783,1.84904,1.24302,0.01716,0.000519586,0.000519586,0.000519586
1380,1606.06,0.34027,0.14425,0.00163,0.78442,0.77698,0.69094,0.35559,1.84957,1.24375,0.01719,0.000518753,0.000518753,0.000518753
1381,1606.98,0.308,0.14253,0.00205,0.75367,0.77698,0.69728,0.35424,1.84621,1.24413,0.01718,0.00051792,0.00051792,0.00051792
1382,1607.91,0.32294,0.1383,0.00186,0.75816,0.77698,0.70107,0.35994,1.84072,1.24676,0.01717,0.000517088,0.000517088,0.000517088
1383,1608.84,0.32399,0.14424,0.00174,0.75729,0.77299,0.69152,0.35563,1.83168,1.22975,0.01795,0.000516255,0.000516255,0.000516255
1384,1609.77,0.32109,0.11186,0.00173,0.76477,0.74921,0.67862,0.35216,1.83608,1.17962,0.01714,0.000515422,0.000515422,0.000515422
1385,1610.69,0.33188,0.14962,0.00179,0.76021,0.74921,0.67715,0.3567,1.84302,1.18902,0.01713,0.00051459,0.00051459,0.00051459
1386,1611.63,0.30956,0.11978,0.00159,0.76916,0.74921,0.6777,0.35626,1.85226,1.18818,0.01713,0.000513757,0.000513757,0.000513757
1387,1612.55,0.35801,0.12471,0.00148,0.81704,0.72143,0.68678,0.35993,1.85796,1.17148,0.01716,0.000512924,0.000512924,0.000512924
1388,1613.48,0.33008,0.12683,0.00206,0.82539,0.74398,0.70241,0.36549,1.86906,1.15436,0.01726,0.000512092,0.000512092,0.000512092
1389,1614.42,0.37653,0.14457,0.00168,0.86995,0.72001,0.72944,0.37098,1.86623,1.13577,0.01824,0.000511259,0.000511259,0.000511259
1390,1615.34,0.34573,0.13557,0.0016,0.76239,0.76287,0.72163,0.36627,1.88041,1.13971,0.01847,0.000510426,0.000510426,0.000510426
1391,1616.36,0.30162,0.09802,0.0014,0.84523,0.73571,0.73651,0.37464,1.88115,1.12786,0.0182,0.000509594,0.000509594,0.000509594
1392,1617.52,0.27139,0.10992,0.00165,0.8418,0.72143,0.72605,0.37805,1.87978,1.12246,0.01812,0.000508761,0.000508761,0.000508761
1393,1618.55,0.30698,0.15938,0.002,0.84081,0.72143,0.71555,0.3801,1.87901,1.12847,0.01801,0.000507928,0.000507928,0.000507928
1394,1619.52,0.33945,0.12582,0.00151,0.83925,0.72143,0.7134,0.379,1.8717,1.13938,0.01788,0.000507096,0.000507096,0.000507096
1395,1620.49,0.29105,0.11794,0.00165,0.81017,0.72143,0.71401,0.37821,1.8674,1.15396,0.0178,0.000506263,0.000506263,0.000506263
1396,1621.44,0.29865,0.10686,0.00153,0.80145,0.72143,0.71071,0.38031,1.86982,1.15229,0.01813,0.00050543,0.00050543,0.00050543
1397,1622.43,0.27704,0.13452,0.00143,0.80141,0.72143,0.70993,0.37578,1.85786,1.16052,0.01812,0.000504598,0.000504598,0.000504598
1398,1623.38,0.31805,0.13234,0.00166,0.78872,0.7415,0.7134,0.38021,1.84704,1.19034,0.01771,0.000503765,0.000503765,0.000503765
1399,1624.44,0.3097,0.15214,0.00162,0.7621,0.74921,0.72616,0.386,1.83982,1.19784,0.01768,0.000502932,0.000502932,0.000502932
1400,1625.45,0.30265,0.13851,0.00169,0.78483,0.74921,0.73975,0.38646,1.8353,1.19988,0.01766,0.0005021,0.0005021,0.0005021
1401,1626.4,0.28142,0.13095,0.00158,0.7845,0.74921,0.74315,0.38922,1.83951,1.17282,0.01801,0.000501267,0.000501267,0.000501267
1402,1627.32,0.34036,0.11176,0.00172,0.78924,0.74921,0.74155,0.3948,1.84393,1.17727,0.01795,0.000500434,0.000500434,0.000500434
1403,1628.27,0.33042,0.1331,0.0018,0.79494,0.74921,0.72962,0.39191,1.85028,1.18649,0.01787,0.000499602,0.000499602,0.000499602
1404,1629.22,0.30326,0.1019,0.00162,0.75924,0.74921,0.72127,0.38487,1.85508,1.19481,0.01787,0.000498769,0.000498769,0.000498769
1405,1630.16,0.31352,0.11688,0.00155,0.76297,0.74921,0.71805,0.38201,1.85832,1.19832,0.01786,0.000497936,0.000497936,0.000497936
1406,1631.09,0.27679,0.12207,0.00155,0.79556,0.74183,0.72184,0.38535,1.85296,1.19631,0.01791,0.000497104,0.000497104,0.000497104
1407,1632.01,0.28336,0.10181,0.00165,0.78597,0.72143,0.71096,0.37422,1.85899,1.19496,0.01799,0.000496271,0.000496271,0.000496271
1408,1633.05,0.29415,0.14164,0.00203,0.76262,0.74921,0.71096,0.37496,1.85858,1.19152,0.01807,0.000495438,0.000495438,0.000495438
1409,1634,0.31411,0.13214,0.00153,0.80202,0.7459,0.70993,0.37385,1.8513,1.18144,0.01806,0.000494606,0.000494606,0.000494606
1410,1635.01,0.2516,0.10485,0.00138,0.80297,0.74631,0.70853,0.37428,1.84585,1.21187,0.01801,0.000493773,0.000493773,0.000493773
1411,1636.02,0.32278,0.12447,0.00161,0.76692,0.74921,0.70913,0.36721,1.85067,1.21482,0.01801,0.00049294,0.00049294,0.00049294
1412,1636.94,0.34987,0.11269,0.00148,0.7802,0.74773,0.69995,0.37109,1.84409,1.21146,0.01792,0.000492108,0.000492108,0.000492108
1413,1637.91,0.2885,0.12805,0.00141,0.77993,0.74711,0.70541,0.373,1.84035,1.21486,0.01793,0.000491275,0.000491275,0.000491275
1414,1638.85,0.31687,0.11114,0.00149,0.77977,0.74658,0.70562,0.37177,1.83068,1.20131,0.01776,0.000490442,0.000490442,0.000490442
1415,1639.82,0.34352,0.13082,0.00149,0.78047,0.74691,0.71466,0.37984,1.82008,1.20706,0.01741,0.00048961,0.00048961,0.00048961
1416,1640.92,0.27081,0.09242,0.0019,0.7916,0.74921,0.71911,0.38398,1.82358,1.19563,0.01736,0.000488777,0.000488777,0.000488777
1417,1642.17,0.3103,0.09792,0.00167,0.81763,0.74632,0.72542,0.38713,1.8265,1.17728,0.01765,0.000487944,0.000487944,0.000487944
1418,1643.41,0.33596,0.15296,0.00187,0.78572,0.74921,0.72274,0.37949,1.82544,1.19277,0.01752,0.000487112,0.000487112,0.000487112
1419,1644.63,0.33547,0.1343,0.00162,0.7927,0.74921,0.71411,0.37928,1.84073,1.18514,0.01787,0.000486279,0.000486279,0.000486279
1420,1645.96,0.27316,0.11816,0.00158,0.79451,0.74863,0.71163,0.37785,1.84808,1.19841,0.01798,0.000485446,0.000485446,0.000485446
1421,1647.29,0.29262,0.11775,0.00168,0.7938,0.74921,0.72379,0.37982,1.85459,1.15971,0.01809,0.000484614,0.000484614,0.000484614
1422,1648.61,0.32951,0.11125,0.00168,0.79291,0.74921,0.72363,0.37162,1.85917,1.14156,0.0181,0.000483781,0.000483781,0.000483781
1423,1649.94,0.32912,0.13049,0.00156,0.7991,0.76283,0.73246,0.38206,1.85813,1.13131,0.01807,0.000482948,0.000482948,0.000482948
1424,1651.26,0.3691,0.21799,0.00157,0.80397,0.74783,0.69863,0.36992,1.84468,1.14437,0.01781,0.000482116,0.000482116,0.000482116
1425,1652.59,0.31146,0.12169,0.00176,0.80356,0.74704,0.69798,0.36983,1.83788,1.14248,0.01773,0.000481283,0.000481283,0.000481283
1426,1653.56,0.33017,0.13898,0.00173,0.79718,0.72143,0.68757,0.36799,1.83595,1.15376,0.01767,0.00048045,0.00048045,0.00048045
1427,1654.49,0.28305,0.146,0.00156,0.79864,0.72143,0.6947,0.36993,1.83853,1.16745,0.01765,0.000479618,0.000479618,0.000479618
1428,1655.44,0.31902,0.14807,0.00177,0.81882,0.72143,0.69435,0.37173,1.82962,1.17158,0.01762,0.000478785,0.000478785,0.000478785
1429,1656.38,0.30201,0.09615,0.00174,0.81683,0.72143,0.69197,0.37019,1.82041,1.18582,0.01759,0.000477952,0.000477952,0.000477952
1430,1657.31,0.30677,0.13595,0.00154,0.82409,0.72143,0.68899,0.37495,1.80682,1.31461,0.01653,0.00047712,0.00047712,0.00047712
1431,1658.25,0.31572,0.14732,0.00189,0.82398,0.72143,0.68897,0.373,1.79939,1.32313,0.01653,0.000476287,0.000476287,0.000476287
1432,1659.19,0.27887,0.11981,0.00144,0.83623,0.73571,0.70582,0.37608,1.79995,1.32856,0.01646,0.000475454,0.000475454,0.000475454
1433,1660.17,0.3491,0.13284,0.00211,0.83474,0.73571,0.70009,0.37441,1.79655,1.33376,0.01644,0.000474622,0.000474622,0.000474622
1434,1661.12,0.26865,0.14499,0.00139,0.83376,0.73571,0.69298,0.36663,1.80257,1.34448,0.01643,0.000473789,0.000473789,0.000473789
1435,1662.07,0.29616,0.13161,0.00158,0.83325,0.73571,0.69819,0.37348,1.80315,1.35068,0.01639,0.000472956,0.000472956,0.000472956
1436,1663.02,0.32271,0.11811,0.00154,0.83359,0.73571,0.717,0.37499,1.79352,1.37243,0.01616,0.000472124,0.000472124,0.000472124
1437,1664.17,0.2879,0.13845,0.00144,0.83476,0.73571,0.71708,0.37562,1.79236,1.35626,0.01608,0.000471291,0.000471291,0.000471291
1438,1665.53,0.33152,0.13593,0.00171,0.75948,0.76349,0.71589,0.37831,1.78991,1.36927,0.0159,0.000470458,0.000470458,0.000470458
1439,1666.87,0.28693,0.11529,0.00156,0.76941,0.76349,0.71318,0.37719,1.79744,1.36571,0.01622,0.000469626,0.000469626,0.000469626
1440,1668.18,0.28205,0.13262,0.00148,0.7567,0.74921,0.67657,0.37534,1.80923,1.32819,0.01619,0.000468793,0.000468793,0.000468793
1441,1669.49,0.27712,0.10298,0.00214,0.80798,0.72143,0.67677,0.3716,1.81223,1.39788,0.01635,0.00046796,0.00046796,0.00046796
1442,1670.81,0.30255,0.12541,0.00178,0.79413,0.70714,0.66938,0.37137,1.81353,1.39406,0.0164,0.000467128,0.000467128,0.000467128
1443,1672.12,0.42181,0.15105,0.00199,0.75926,0.74921,0.69752,0.37881,1.80846,1.39834,0.01639,0.000466295,0.000466295,0.000466295
1444,1673.47,0.30228,0.12102,0.00115,0.758,0.74696,0.7138,0.37887,1.78774,1.41628,0.016,0.000465462,0.000465462,0.000465462
1445,1674.79,0.30621,0.10448,0.00139,0.8079,0.74296,0.74982,0.39386,1.78649,1.31831,0.01593,0.00046463,0.00046463,0.00046463
1446,1676.09,0.30626,0.1196,0.00169,0.78156,0.77698,0.76638,0.39809,1.78849,1.36943,0.01594,0.000463797,0.000463797,0.000463797
1447,1677.42,0.28171,0.10575,0.00179,0.76743,0.77698,0.76168,0.39591,1.78876,1.36485,0.01591,0.000462964,0.000462964,0.000462964
1448,1678.72,0.32284,0.12728,0.00162,0.75423,0.77698,0.7594,0.40288,1.80662,1.34426,0.0162,0.000462132,0.000462132,0.000462132
1449,1680.02,0.30924,0.14608,0.00201,0.75544,0.77698,0.75811,0.39944,1.81201,1.34539,0.01619,0.000461299,0.000461299,0.000461299
1450,1681.32,0.28533,0.11747,0.00166,0.75647,0.77698,0.75754,0.39787,1.81425,1.3523,0.01626,0.000460466,0.000460466,0.000460466
1451,1682.59,0.28749,0.11525,0.00164,0.75698,0.77698,0.75423,0.39143,1.816,1.35889,0.01629,0.000459634,0.000459634,0.000459634
1452,1683.9,0.32987,0.14581,0.00169,0.75775,0.77698,0.75028,0.37732,1.81589,1.36336,0.01629,0.000458801,0.000458801,0.000458801
1453,1685.21,0.307,0.11324,0.00164,0.74743,0.77698,0.71707,0.36197,1.82498,1.36346,0.01635,0.000457968,0.000457968,0.000457968
1454,1686.5,0.33175,0.13584,0.00159,0.75307,0.77698,0.71917,0.36675,1.82176,1.27955,0.01633,0.000457136,0.000457136,0.000457136
1455,1687.81,0.3987,0.13252,0.00199,0.75842,0.77698,0.7191,0.36248,1.82705,1.16731,0.01727,0.000456303,0.000456303,0.000456303
1456,1689.12,0.28058,0.104,0.00136,0.77441,0.74776,0.72461,0.36222,1.83014,1.18014,0.01726,0.00045547,0.00045547,0.00045547
1457,1690.45,0.282,0.10405,0.00167,0.75435,0.74921,0.71755,0.35305,1.83261,1.19242,0.01717,0.000454638,0.000454638,0.000454638
1458,1691.78,0.29949,0.10271,0.00145,0.79831,0.74815,0.72104,0.35678,1.82942,1.19254,0.01719,0.000453805,0.000453805,0.000453805
1459,1693.11,0.27131,0.09775,0.00149,0.79088,0.72143,0.69383,0.35528,1.83192,1.19068,0.01741,0.000452972,0.000452972,0.000452972
1460,1694.39,0.29405,0.10418,0.0021,0.78935,0.72143,0.69383,0.35648,1.82985,1.19394,0.01738,0.00045214,0.00045214,0.00045214
1461,1695.7,0.29083,0.11831,0.00217,0.78895,0.72143,0.69381,0.35443,1.82775,1.19947,0.01734,0.000451307,0.000451307,0.000451307
1462,1697.03,0.27883,0.11824,0.00153,0.78976,0.72143,0.69341,0.3555,1.82703,1.21677,0.01712,0.000450474,0.000450474,0.000450474
1463,1698.38,0.2989,0.1192,0.00167,0.78688,0.72143,0.69969,0.36026,1.83053,1.2152,0.01721,0.000449642,0.000449642,0.000449642
1464,1699.73,0.30265,0.10886,0.00157,0.82039,0.71907,0.7039,0.36052,1.83809,1.2098,0.0172,0.000448809,0.000448809,0.000448809
1465,1701.04,0.2759,0.09879,0.00153,0.72343,0.75188,0.70426,0.36285,1.83643,1.19696,0.0172,0.000447976,0.000447976,0.000447976
1466,1702.36,0.34559,0.10622,0.00167,0.74903,0.74913,0.6934,0.3605,1.84124,1.18274,0.01727,0.000447144,0.000447144,0.000447144
1467,1703.72,0.35332,0.25959,0.00172,0.76372,0.77698,0.69562,0.36597,1.84217,1.16862,0.01732,0.000446311,0.000446311,0.000446311
1468,1705.04,0.29812,0.11963,0.00161,0.74725,0.77698,0.69308,0.3678,1.83785,1.1532,0.01736,0.000445478,0.000445478,0.000445478
1469,1706.37,0.32399,0.1255,0.00165,0.74662,0.76415,0.69401,0.36766,1.83797,1.14551,0.01741,0.000444646,0.000444646,0.000444646
1470,1707.7,0.29539,0.11287,0.00153,0.74536,0.76122,0.69276,0.36639,1.83569,1.14654,0.01737,0.000443813,0.000443813,0.000443813
1471,1709.02,0.33197,0.15316,0.00152,0.74513,0.76683,0.69313,0.37035,1.82257,1.26477,0.01637,0.00044298,0.00044298,0.00044298
1472,1710.35,0.28673,0.11637,0.00147,0.7466,0.77636,0.70285,0.37923,1.8329,1.15118,0.01744,0.000442148,0.000442148,0.000442148
1473,1711.68,0.29775,0.11977,0.00151,0.80116,0.74921,0.72371,0.37998,1.82731,1.2709,0.0165,0.000441315,0.000441315,0.000441315
1474,1713.01,0.32274,0.1285,0.00177,0.76935,0.74921,0.72265,0.38216,1.83631,1.28372,0.01659,0.000440482,0.000440482,0.000440482
1475,1714.36,0.30641,0.15863,0.00188,0.79804,0.74921,0.72414,0.38468,1.84015,1.27382,0.01666,0.00043965,0.00043965,0.00043965
1476,1715.68,0.3894,0.16846,0.00376,0.74698,0.75212,0.71668,0.37939,1.84193,1.27251,0.01663,0.000438817,0.000438817,0.000438817
1477,1717.01,0.29703,0.1087,0.00216,0.74065,0.74731,0.71585,0.37788,1.83997,1.27387,0.01665,0.000437984,0.000437984,0.000437984
1478,1718.36,0.29155,0.10686,0.00139,0.73157,0.74921,0.71263,0.37524,1.83441,1.27943,0.01661,0.000437152,0.000437152,0.000437152
1479,1719.68,0.32734,0.14913,0.00177,0.76618,0.74182,0.6987,0.36936,1.82536,1.2971,0.01662,0.000436319,0.000436319,0.000436319
1480,1721.01,0.30639,0.10321,0.00243,0.7456,0.74292,0.69427,0.36414,1.81972,1.31862,0.01668,0.000435486,0.000435486,0.000435486
1481,1722.35,0.29714,0.1183,0.00171,0.75249,0.74409,0.68761,0.35924,1.8195,1.30629,0.01691,0.000434654,0.000434654,0.000434654
1482,1723.66,0.30579,0.13865,0.00204,0.75153,0.74579,0.68876,0.35926,1.81248,1.30421,0.01689,0.000433821,0.000433821,0.000433821
1483,1724.96,0.24983,0.09006,0.00139,0.74136,0.74397,0.68776,0.36735,1.80652,1.29601,0.01682,0.000432988,0.000432988,0.000432988
1484,1726.26,0.2828,0.11713,0.00146,0.7292,0.74443,0.68825,0.36657,1.80439,1.29719,0.01673,0.000432156,0.000432156,0.000432156
1485,1727.56,0.31548,0.12154,0.00197,0.7569,0.72143,0.69023,0.36557,1.79648,1.32874,0.01634,0.000431323,0.000431323,0.000431323
1486,1728.87,0.28323,0.11288,0.00153,0.77338,0.74921,0.69412,0.36644,1.79475,1.31992,0.01632,0.00043049,0.00043049,0.00043049
1487,1730.22,0.36358,0.13457,0.00166,0.75046,0.74921,0.70025,0.36971,1.79649,1.31992,0.01631,0.000429658,0.000429658,0.000429658
1488,1731.56,0.30268,0.09313,0.0013,0.78712,0.74921,0.70271,0.37306,1.80096,1.28177,0.01673,0.000428825,0.000428825,0.000428825
1489,1732.86,0.32002,0.17506,0.00127,0.76049,0.74921,0.70168,0.37098,1.80503,1.2647,0.01685,0.000427992,0.000427992,0.000427992
1490,1734.16,0.40621,0.1894,0.00223,0.78135,0.74921,0.70066,0.37626,1.80857,1.26187,0.01697,0.00042716,0.00042716,0.00042716
1491,1735.46,0.33781,0.12077,0.00176,0.7631,0.74921,0.69664,0.36842,1.812,1.26416,0.01713,0.000426327,0.000426327,0.000426327
1492,1736.75,0.28357,0.10813,0.00169,0.76623,0.74921,0.68391,0.35143,1.82441,1.27605,0.01734,0.000425494,0.000425494,0.000425494
1493,1738.06,0.27999,0.08873,0.00162,0.73923,0.74921,0.67259,0.35192,1.8367,1.29152,0.0175,0.000424662,0.000424662,0.000424662
1494,1739.37,0.30262,0.14843,0.00198,0.72071,0.73102,0.67704,0.35519,1.8446,1.30545,0.01759,0.000423829,0.000423829,0.000423829
1495,1740.7,0.35852,0.12881,0.00186,0.71542,0.72693,0.67534,0.34805,1.84485,1.31808,0.01758,0.000422996,0.000422996,0.000422996
1496,1742.01,0.3034,0.10302,0.00154,0.71154,0.72143,0.67181,0.34834,1.8423,1.31669,0.0176,0.000422164,0.000422164,0.000422164
1497,1743.32,0.35352,0.1335,0.00155,0.72372,0.74921,0.67522,0.35514,1.83763,1.32108,0.0174,0.000421331,0.000421331,0.000421331
1498,1744.67,0.27467,0.09981,0.00139,0.75287,0.74623,0.67725,0.35616,1.8382,1.31749,0.01734,0.000420498,0.000420498,0.000420498
1499,1745.98,0.27836,0.10579,0.00144,0.75163,0.73807,0.66771,0.34644,1.83786,1.324,0.01733,0.000419666,0.000419666,0.000419666
1500,1747.28,0.27318,0.10396,0.00148,0.74058,0.72143,0.66771,0.34388,1.84581,1.33995,0.01729,0.000418833,0.000418833,0.000418833
1501,1748.58,0.31172,0.11447,0.00156,0.75028,0.72054,0.67283,0.34533,1.85211,1.33321,0.01755,0.000418,0.000418,0.000418
1502,1749.88,0.29783,0.1111,0.00273,0.73615,0.72143,0.68168,0.35138,1.85868,1.34073,0.01761,0.000417168,0.000417168,0.000417168
1503,1751.19,0.34466,0.12398,0.00218,0.75037,0.71491,0.68505,0.34801,1.85846,1.33876,0.01755,0.000416335,0.000416335,0.000416335
1504,1752.54,0.29561,0.11423,0.0015,0.72372,0.72143,0.68312,0.35529,1.87127,1.22428,0.0186,0.000415502,0.000415502,0.000415502
1505,1753.88,0.27414,0.10537,0.00141,0.72281,0.72143,0.68405,0.35878,1.85993,1.23803,0.01823,0.00041467,0.00041467,0.00041467
1506,1755.2,0.31019,0.11793,0.00186,0.70751,0.74921,0.68825,0.36132,1.8559,1.23366,0.01808,0.000413837,0.000413837,0.000413837
1507,1756.52,0.33293,0.14574,0.00168,0.75434,0.70227,0.68912,0.36922,1.86029,1.24092,0.01802,0.000413004,0.000413004,0.000413004
1508,1757.86,0.28678,0.10716,0.00182,0.73155,0.74615,0.70432,0.37483,1.85612,1.24618,0.01798,0.000412172,0.000412172,0.000412172
1509,1759.18,0.32532,0.11227,0.00168,0.74717,0.76331,0.72569,0.37614,1.84969,1.24407,0.01797,0.000411339,0.000411339,0.000411339
1510,1760.49,0.29857,0.11515,0.00189,0.75255,0.76349,0.72454,0.37903,1.84593,1.24894,0.01801,0.000410506,0.000410506,0.000410506
1511,1761.86,0.30598,0.13013,0.00178,0.74966,0.76349,0.7251,0.3833,1.84272,1.24778,0.01808,0.000409674,0.000409674,0.000409674
1512,1763.2,0.3562,0.11265,0.00161,0.77163,0.76301,0.7256,0.38043,1.83828,1.27488,0.01829,0.000408841,0.000408841,0.000408841
1513,1764.5,0.32523,0.13262,0.00187,0.77914,0.76811,0.72909,0.38247,1.83998,1.26744,0.01833,0.000408008,0.000408008,0.000408008
1514,1765.78,0.46918,0.15379,0.00172,0.75019,0.74921,0.71242,0.37527,1.82308,1.38426,0.01721,0.000407176,0.000407176,0.000407176
1515,1767.11,0.30837,0.11716,0.00169,0.75839,0.74855,0.71651,0.38099,1.81808,1.37668,0.01715,0.000406343,0.000406343,0.000406343
1516,1768.43,0.36695,0.13133,0.00148,0.76176,0.73405,0.71593,0.38283,1.82168,1.37324,0.01706,0.00040551,0.00040551,0.00040551
1517,1769.75,0.32829,0.12266,0.00177,0.70836,0.77698,0.69684,0.37214,1.8189,1.38136,0.01694,0.000404678,0.000404678,0.000404678
1518,1771.08,0.27325,0.09644,0.002,0.76974,0.71675,0.6961,0.36478,1.83231,1.37663,0.01692,0.000403845,0.000403845,0.000403845
1519,1772.4,0.2753,0.10391,0.00152,0.77744,0.71995,0.69606,0.36273,1.83751,1.37062,0.01695,0.000403012,0.000403012,0.000403012
1520,1773.71,0.2703,0.1015,0.00167,0.77784,0.72143,0.69462,0.36462,1.85134,1.25169,0.01812,0.00040218,0.00040218,0.00040218
1521,1774.98,0.28703,0.10868,0.00135,0.772,0.72143,0.69253,0.36499,1.85565,1.26228,0.01826,0.000401347,0.000401347,0.000401347
1522,1776.29,0.30605,0.10268,0.00153,0.77483,0.72143,0.69093,0.36176,1.85748,1.2681,0.01834,0.000400514,0.000400514,0.000400514
1523,1777.62,0.30031,0.14891,0.00154,0.7798,0.72143,0.68927,0.36023,1.86055,1.22399,0.01832,0.000399682,0.000399682,0.000399682
1524,1778.91,0.28941,0.10698,0.00135,0.76905,0.72143,0.68927,0.35592,1.85852,1.23597,0.01832,0.000398849,0.000398849,0.000398849
1525,1780.22,0.28918,0.1148,0.00199,0.77812,0.72143,0.69759,0.36523,1.85507,1.23272,0.01824,0.000398016,0.000398016,0.000398016
1526,1781.54,0.35532,0.13869,0.00145,0.78238,0.72143,0.70277,0.36722,1.85301,1.22631,0.01817,0.000397184,0.000397184,0.000397184
1527,1782.85,0.31559,0.12198,0.00214,0.77012,0.72143,0.70307,0.36589,1.85743,1.22738,0.01806,0.000396351,0.000396351,0.000396351
1528,1784.16,0.27161,0.10865,0.00136,0.75504,0.72143,0.70271,0.36589,1.85697,1.2284,0.01801,0.000395518,0.000395518,0.000395518
1529,1785.49,0.29679,0.11916,0.00158,0.76627,0.72143,0.70522,0.36685,1.86242,1.29501,0.01719,0.000394686,0.000394686,0.000394686
1530,1786.81,0.29684,0.10814,0.00131,0.76955,0.72143,0.69345,0.37094,1.85892,1.30407,0.01716,0.000393853,0.000393853,0.000393853
1531,1788.11,0.30981,0.11948,0.00141,0.76817,0.72143,0.69422,0.37014,1.85418,1.31536,0.01714,0.00039302,0.00039302,0.00039302
1532,1789.43,0.29173,0.10308,0.00138,0.76567,0.72143,0.69609,0.37245,1.85737,1.32641,0.01712,0.000392188,0.000392188,0.000392188
1533,1790.73,0.28241,0.10744,0.00159,0.76588,0.72143,0.70193,0.37444,1.85041,1.33163,0.0171,0.000391355,0.000391355,0.000391355
1534,1792.05,0.28491,0.11515,0.00134,0.76346,0.72143,0.70141,0.37185,1.84338,1.33282,0.01704,0.000390522,0.000390522,0.000390522
1535,1793.39,0.27666,0.10345,0.00173,0.7438,0.72143,0.6973,0.36593,1.83951,1.33712,0.01705,0.00038969,0.00038969,0.00038969
1536,1794.71,0.31502,0.13537,0.00147,0.79173,0.69149,0.69389,0.36504,1.82504,1.29284,0.01778,0.000388857,0.000388857,0.000388857
1537,1796.01,0.30147,0.11966,0.00124,0.79093,0.69135,0.69161,0.36577,1.83143,1.35941,0.0179,0.000388024,0.000388024,0.000388024
1538,1797.32,0.27178,0.11217,0.00133,0.79998,0.66587,0.68736,0.36401,1.83932,1.36853,0.01795,0.000387192,0.000387192,0.000387192
1539,1798.64,0.28257,0.11338,0.00197,0.79933,0.66587,0.67987,0.35735,1.8422,1.37595,0.01795,0.000386359,0.000386359,0.000386359
1540,1799.96,0.29199,0.11435,0.00166,0.73216,0.71298,0.67903,0.35447,1.84261,1.3719,0.01791,0.000385526,0.000385526,0.000385526
1541,1801.27,0.2677,0.12739,0.00136,0.73115,0.71096,0.68001,0.35196,1.84137,1.37076,0.01788,0.000384694,0.000384694,0.000384694
1542,1802.55,0.32055,0.11434,0.00164,0.71499,0.70046,0.66394,0.35475,1.84235,1.36148,0.01782,0.000383861,0.000383861,0.000383861
1543,1803.83,0.28623,0.09838,0.00162,0.7781,0.67701,0.68601,0.3655,1.83516,1.36307,0.01776,0.000383028,0.000383028,0.000383028
1544,1805.09,0.28453,0.12137,0.00146,0.79615,0.68993,0.70373,0.36789,1.83323,1.36957,0.01761,0.000382196,0.000382196,0.000382196
1545,1806.36,0.26343,0.09683,0.00134,0.75858,0.69204,0.69202,0.36347,1.83201,1.36138,0.01759,0.000381363,0.000381363,0.000381363
1546,1807.68,0.28771,0.12447,0.0016,0.80327,0.71789,0.72928,0.36275,1.83359,1.36211,0.01762,0.00038053,0.00038053,0.00038053
1547,1808.99,0.29576,0.11427,0.00151,0.80175,0.71821,0.72754,0.36419,1.84063,1.32438,0.01767,0.000379698,0.000379698,0.000379698
1548,1810.32,0.2812,0.09862,0.00137,0.80181,0.71499,0.71286,0.36176,1.83526,1.31808,0.01771,0.000378865,0.000378865,0.000378865
1549,1811.65,0.27518,0.1196,0.00155,0.80183,0.69365,0.70758,0.36124,1.83767,1.32063,0.01773,0.000378032,0.000378032,0.000378032
1550,1812.96,0.3069,0.09972,0.00146,0.80005,0.69365,0.70439,0.36213,1.83362,1.3172,0.01772,0.0003772,0.0003772,0.0003772
1551,1814.23,0.26638,0.09216,0.0014,0.7978,0.69365,0.70591,0.36366,1.83079,1.31495,0.01768,0.000376367,0.000376367,0.000376367
1552,1815.54,0.27231,0.0955,0.00126,0.79796,0.69298,0.69044,0.36548,1.82644,1.31083,0.01765,0.000375534,0.000375534,0.000375534
1553,1816.85,0.33004,0.12088,0.0014,0.79672,0.68928,0.69373,0.36727,1.8142,1.43491,0.01661,0.000374702,0.000374702,0.000374702
1554,1818.17,0.29259,0.10308,0.00154,0.71199,0.72143,0.68846,0.36628,1.81314,1.44539,0.0166,0.000373869,0.000373869,0.000373869
1555,1819.48,0.31253,0.12649,0.0017,0.71002,0.72143,0.68642,0.36096,1.81283,1.4547,0.0166,0.000373036,0.000373036,0.000373036
1556,1820.84,0.27227,0.11413,0.00124,0.70921,0.72143,0.68476,0.35948,1.81539,1.46725,0.01657,0.000372204,0.000372204,0.000372204
1557,1822.15,0.29988,0.10928,0.0014,0.72135,0.72143,0.68349,0.35595,1.81561,1.46872,0.01659,0.000371371,0.000371371,0.000371371
1558,1823.47,0.29843,0.10049,0.00118,0.73634,0.71451,0.68728,0.3583,1.81701,1.46428,0.01661,0.000370538,0.000370538,0.000370538
1559,1824.79,0.30098,0.12387,0.00119,0.73472,0.68583,0.66314,0.35605,1.82503,1.3367,0.01758,0.000369706,0.000369706,0.000369706
1560,1826.1,0.25902,0.11679,0.00144,0.74326,0.68977,0.66746,0.36147,1.82741,1.3381,0.01756,0.000368873,0.000368873,0.000368873
1561,1827.42,0.27931,0.09546,0.00145,0.72098,0.69365,0.66688,0.36396,1.82719,1.31598,0.01772,0.00036804,0.00036804,0.00036804
1562,1828.78,0.30175,0.12363,0.00178,0.72291,0.71057,0.67113,0.37056,1.82835,1.31088,0.01765,0.000367208,0.000367208,0.000367208
1563,1830.12,0.25544,0.09201,0.00154,0.7227,0.69365,0.67216,0.37136,1.8265,1.32285,0.01754,0.000366375,0.000366375,0.000366375
1564,1831.46,0.24766,0.10208,0.00128,0.72856,0.7114,0.67823,0.37673,1.83032,1.30951,0.01755,0.000365542,0.000365542,0.000365542
1565,1832.77,0.33777,0.16264,0.00201,0.72922,0.70934,0.68138,0.37636,1.83583,1.30791,0.01759,0.00036471,0.00036471,0.00036471
1566,1834.08,0.26806,0.12946,0.00157,0.729,0.70541,0.68363,0.37532,1.8464,1.30643,0.01763,0.000363877,0.000363877,0.000363877
1567,1835.38,0.28808,0.13158,0.00204,0.74435,0.72816,0.70681,0.37515,1.84392,1.29023,0.01777,0.000363044,0.000363044,0.000363044
1568,1836.39,0.30119,0.11422,0.00149,0.73081,0.72143,0.68565,0.37143,1.84768,1.26399,0.01773,0.000362212,0.000362212,0.000362212
1569,1837.32,0.26966,0.10311,0.00132,0.76116,0.72143,0.68467,0.36876,1.84276,1.25369,0.01764,0.000361379,0.000361379,0.000361379
1570,1838.27,0.26744,0.09036,0.00164,0.76704,0.71551,0.68204,0.36721,1.84222,1.24037,0.01775,0.000360546,0.000360546,0.000360546
1571,1839.21,0.25195,0.09916,0.00124,0.76742,0.72093,0.68227,0.36985,1.84208,1.22941,0.01782,0.000359714,0.000359714,0.000359714
1572,1840.16,0.26813,0.0908,0.00137,0.76326,0.72143,0.68223,0.3713,1.83407,1.22089,0.01784,0.000358881,0.000358881,0.000358881
1573,1841.12,0.26046,0.10016,0.00163,0.76124,0.72143,0.6863,0.3688,1.83363,1.2193,0.01789,0.000358048,0.000358048,0.000358048
1574,1842.06,0.33223,0.16566,0.00159,0.79629,0.71785,0.68808,0.37117,1.82729,1.2169,0.01789,0.000357216,0.000357216,0.000357216
1575,1843.01,0.25667,0.09403,0.00135,0.78935,0.72143,0.68593,0.37089,1.81839,1.22122,0.01789,0.000356383,0.000356383,0.000356383
1576,1843.95,0.29252,0.12887,0.00127,0.76461,0.72143,0.68596,0.37094,1.81918,1.21418,0.01817,0.00035555,0.00035555,0.00035555
1577,1844.89,0.26679,0.11297,0.00134,0.76324,0.72143,0.68641,0.36886,1.81074,1.33595,0.01711,0.000354718,0.000354718,0.000354718
1578,1845.84,0.24645,0.08497,0.0012,0.76477,0.72143,0.68751,0.37284,1.80815,1.35449,0.01694,0.000353885,0.000353885,0.000353885
1579,1846.78,0.25991,0.11481,0.00131,0.75864,0.73676,0.70468,0.37761,1.80438,1.35945,0.0169,0.000353052,0.000353052,0.000353052
1580,1847.71,0.29936,0.10197,0.00121,0.75282,0.73225,0.70468,0.3761,1.80132,1.36822,0.0169,0.00035222,0.00035222,0.00035222
1581,1848.65,0.24605,0.10676,0.00145,0.788,0.69365,0.69927,0.3728,1.79472,1.38552,0.01678,0.000351387,0.000351387,0.000351387
1582,1849.59,0.26582,0.1286,0.00135,0.78936,0.69365,0.69927,0.37056,1.8018,1.38637,0.01683,0.000350554,0.000350554,0.000350554
1583,1850.54,0.30681,0.11084,0.00132,0.76324,0.71428,0.70178,0.37372,1.79801,1.38687,0.01686,0.000349722,0.000349722,0.000349722
1584,1851.49,0.25142,0.10512,0.00175,0.76324,0.71525,0.69993,0.3722,1.80066,1.38585,0.01686,0.000348889,0.000348889,0.000348889
1585,1852.43,0.26543,0.13937,0.00146,0.76602,0.71432,0.71055,0.3831,1.79611,1.37204,0.01686,0.000348056,0.000348056,0.000348056
1586,1853.37,0.2526,0.10818,0.00137,0.73663,0.74921,0.70879,0.38855,1.79668,1.36059,0.01681,0.000347224,0.000347224,0.000347224
1587,1854.32,0.32478,0.11865,0.0014,0.80325,0.74921,0.71889,0.39015,1.79768,1.35338,0.01675,0.000346391,0.000346391,0.000346391
1588,1855.25,0.29816,0.11993,0.00151,0.7688,0.74921,0.71478,0.39123,1.79297,1.34755,0.01667,0.000345558,0.000345558,0.000345558
1589,1856.19,0.28246,0.10666,0.00126,0.79701,0.74281,0.71614,0.38925,1.80516,1.23153,0.01771,0.000344726,0.000344726,0.000344726
1590,1857.15,0.3433,0.12221,0.00149,0.80837,0.7425,0.71763,0.38822,1.80328,1.21921,0.01774,0.000343893,0.000343893,0.000343893
1591,1858.09,0.22917,0.11249,0.00122,0.81782,0.74342,0.71871,0.38626,1.80587,1.21701,0.01784,0.00034306,0.00034306,0.00034306
1592,1859.02,0.36512,0.11951,0.00172,0.81838,0.7443,0.71871,0.38847,1.80788,1.21511,0.01792,0.000342228,0.000342228,0.000342228
1593,1859.96,0.27043,0.10847,0.00166,0.81873,0.74512,0.71777,0.39013,1.81289,1.2153,0.01799,0.000341395,0.000341395,0.000341395
1594,1860.9,0.28062,0.10119,0.00192,0.81891,0.7457,0.71876,0.38496,1.82071,1.21551,0.01804,0.000340562,0.000340562,0.000340562
1595,1861.83,0.30317,0.11529,0.00156,0.81751,0.74097,0.71934,0.38549,1.82419,1.21576,0.01805,0.00033973,0.00033973,0.00033973
1596,1862.76,0.23819,0.10315,0.00157,0.81667,0.73907,0.73201,0.38679,1.82384,1.21092,0.018,0.000338897,0.000338897,0.000338897
1597,1863.69,0.29232,0.10709,0.00151,0.80326,0.71968,0.73146,0.386,1.82075,1.2132,0.01794,0.000338064,0.000338064,0.000338064
1598,1864.62,0.26948,0.10482,0.00127,0.80992,0.71946,0.73221,0.39397,1.81876,1.20874,0.01793,0.000337232,0.000337232,0.000337232
1599,1865.56,0.28432,0.09305,0.0013,0.81205,0.71951,0.72748,0.39464,1.81746,1.21444,0.01788,0.000336399,0.000336399,0.000336399
1600,1866.5,0.26057,0.08996,0.00132,0.81211,0.71907,0.72606,0.39607,1.81255,1.21041,0.01784,0.000335566,0.000335566,0.000335566
1601,1867.46,0.32283,0.10964,0.00125,0.81212,0.71848,0.72771,0.39558,1.81248,1.20833,0.01782,0.000334734,0.000334734,0.000334734
1602,1868.42,0.22847,0.08514,0.0011,0.76275,0.73633,0.72559,0.39361,1.81312,1.20986,0.01782,0.000333901,0.000333901,0.000333901
1603,1869.36,0.27026,0.12441,0.00123,0.76349,0.73818,0.72343,0.39294,1.80961,1.21032,0.01783,0.000333068,0.000333068,0.000333068
1604,1870.3,0.25595,0.1035,0.00159,0.81009,0.69365,0.72645,0.39091,1.8101,1.21132,0.01781,0.000332236,0.000332236,0.000332236
1605,1871.25,0.259,0.10036,0.00137,0.80721,0.69365,0.72364,0.38999,1.81323,1.21266,0.01782,0.000331403,0.000331403,0.000331403
1606,1872.19,0.25555,0.10625,0.00112,0.84555,0.69365,0.72569,0.38775,1.81133,1.21703,0.01777,0.00033057,0.00033057,0.00033057
1607,1873.14,0.30941,0.10291,0.00147,0.84404,0.69365,0.72569,0.39115,1.80986,1.22316,0.01774,0.000329738,0.000329738,0.000329738
1608,1874.08,0.27758,0.11184,0.00118,0.84226,0.69365,0.72175,0.38692,1.80693,1.2249,0.01768,0.000328905,0.000328905,0.000328905
1609,1875.02,0.30354,0.12332,0.0011,0.84061,0.69365,0.72104,0.38661,1.80223,1.22409,0.01763,0.000328072,0.000328072,0.000328072
1610,1875.96,0.26336,0.13878,0.00166,0.83989,0.69365,0.72052,0.3891,1.80638,1.22555,0.01763,0.00032724,0.00032724,0.00032724
1611,1876.9,0.23398,0.11034,0.00166,0.8395,0.69365,0.72395,0.39218,1.80265,1.22479,0.01768,0.000326407,0.000326407,0.000326407
1612,1877.83,0.27732,0.11562,0.00156,0.83861,0.69365,0.73085,0.3954,1.80763,1.21918,0.01773,0.000325574,0.000325574,0.000325574
1613,1878.77,0.25061,0.08764,0.00155,0.84041,0.69173,0.73132,0.39675,1.80994,1.21767,0.01778,0.000324742,0.000324742,0.000324742
1614,1879.71,0.24163,0.09798,0.00143,0.79928,0.71756,0.73238,0.39746,1.81047,1.21937,0.01786,0.000323909,0.000323909,0.000323909
1615,1880.65,0.27048,0.12029,0.00169,0.8089,0.71797,0.7309,0.39837,1.8143,1.22505,0.01795,0.000323076,0.000323076,0.000323076
1616,1881.58,0.32943,0.1146,0.00119,0.78312,0.72804,0.73158,0.39405,1.81053,1.2282,0.01796,0.000322244,0.000322244,0.000322244
1617,1882.51,0.24557,0.13253,0.00163,0.78572,0.73402,0.73162,0.39781,1.80635,1.23006,0.01794,0.000321411,0.000321411,0.000321411
1618,1883.46,0.25479,0.09186,0.00166,0.78938,0.74282,0.73003,0.39513,1.80466,1.22714,0.01785,0.000320578,0.000320578,0.000320578
1619,1884.39,0.27059,0.13008,0.00129,0.79044,0.74921,0.72779,0.38966,1.80673,1.22279,0.01774,0.000319746,0.000319746,0.000319746
1620,1885.32,0.23533,0.09886,0.00175,0.81164,0.74148,0.73009,0.39109,1.80404,1.22008,0.01767,0.000318913,0.000318913,0.000318913
1621,1886.26,0.27487,0.10313,0.00132,0.81688,0.74051,0.73012,0.39481,1.8018,1.21948,0.01766,0.00031808,0.00031808,0.00031808
1622,1887.18,0.2489,0.0953,0.00116,0.81693,0.7415,0.73095,0.39819,1.80217,1.22425,0.01768,0.000317248,0.000317248,0.000317248
1623,1888.11,0.27063,0.10721,0.00154,0.81177,0.72143,0.72423,0.39538,1.80069,1.23087,0.01763,0.000316415,0.000316415,0.000316415
1624,1889.05,0.24748,0.10367,0.00133,0.81172,0.72143,0.7256,0.39714,1.7983,1.23237,0.01762,0.000315582,0.000315582,0.000315582
1625,1889.98,0.26283,0.1145,0.00149,0.81188,0.72143,0.72635,0.39721,1.80025,1.23556,0.01766,0.00031475,0.00031475,0.00031475
1626,1890.91,0.26759,0.0962,0.00144,0.80949,0.72143,0.72522,0.39835,1.80414,1.23786,0.01768,0.000313917,0.000313917,0.000313917
1627,1891.84,0.23075,0.08988,0.00127,0.78151,0.74921,0.72611,0.39989,1.79928,1.22402,0.01766,0.000313084,0.000313084,0.000313084
1628,1892.78,0.26865,0.11294,0.00127,0.78213,0.74921,0.72424,0.39709,1.80278,1.21691,0.01765,0.000312252,0.000312252,0.000312252
1629,1893.75,0.26556,0.09006,0.00124,0.78732,0.74921,0.72528,0.39476,1.81074,1.21034,0.01768,0.000311419,0.000311419,0.000311419
1630,1894.69,0.30015,0.12089,0.00176,0.78762,0.74921,0.72588,0.3962,1.81006,1.20327,0.0177,0.000310586,0.000310586,0.000310586
1631,1895.63,0.29331,0.13426,0.0022,0.78639,0.74921,0.72405,0.39343,1.81519,1.20303,0.01771,0.000309754,0.000309754,0.000309754
1632,1896.59,0.25413,0.10752,0.00132,0.77535,0.73492,0.70206,0.38866,1.81374,1.20175,0.01771,0.000308921,0.000308921,0.000308921
1633,1897.52,0.26479,0.10847,0.00151,0.77538,0.73492,0.70139,0.38716,1.81317,1.20165,0.01767,0.000308088,0.000308088,0.000308088
1634,1898.47,0.23464,0.08838,0.00126,0.77655,0.73492,0.70241,0.389,1.81131,1.19956,0.01758,0.000307256,0.000307256,0.000307256
1635,1899.4,0.28342,0.09539,0.0015,0.7899,0.74921,0.72006,0.39359,1.81391,1.202,0.01759,0.000306423,0.000306423,0.000306423
1636,1900.33,0.22004,0.08596,0.00152,0.79097,0.74921,0.71855,0.39585,1.8118,1.19877,0.01758,0.00030559,0.00030559,0.00030559
1637,1901.26,0.28156,0.11679,0.0013,0.78125,0.74279,0.71341,0.38572,1.80751,1.19771,0.01762,0.000304758,0.000304758,0.000304758
1638,1902.2,0.21679,0.08446,0.00122,0.7797,0.74355,0.70476,0.37737,1.80538,1.20476,0.01767,0.000303925,0.000303925,0.000303925
1639,1903.13,0.26992,0.09675,0.00136,0.7557,0.74921,0.70004,0.37383,1.80539,1.2191,0.0177,0.000303092,0.000303092,0.000303092
1640,1904.06,0.23951,0.10464,0.00113,0.75723,0.74479,0.69104,0.36272,1.80989,1.23507,0.01775,0.00030226,0.00030226,0.00030226
1641,1904.98,0.27484,0.09212,0.00162,0.74203,0.74921,0.68767,0.35803,1.81076,1.23949,0.01775,0.000301427,0.000301427,0.000301427
1642,1905.93,0.28606,0.10605,0.0014,0.74186,0.74921,0.68872,0.36047,1.80777,1.24434,0.01773,0.000300594,0.000300594,0.000300594
1643,1906.88,0.24889,0.10599,0.00135,0.74123,0.74921,0.68898,0.36211,1.8071,1.24387,0.01772,0.000299762,0.000299762,0.000299762
1644,1907.81,0.29148,0.11358,0.00189,0.76941,0.74766,0.68958,0.36311,1.81307,1.24237,0.01771,0.000298929,0.000298929,0.000298929
1645,1908.77,0.27403,0.10311,0.00157,0.76249,0.74921,0.69368,0.37012,1.81317,1.24268,0.01766,0.000298096,0.000298096,0.000298096
1646,1909.71,0.28004,0.10533,0.00142,0.76276,0.74921,0.69309,0.3702,1.80937,1.24206,0.01762,0.000297264,0.000297264,0.000297264
1647,1910.65,0.26156,0.10782,0.00141,0.76427,0.74921,0.69348,0.37079,1.81016,1.24144,0.01762,0.000296431,0.000296431,0.000296431
1648,1911.59,0.25977,0.08986,0.0012,0.76422,0.74921,0.68892,0.36861,1.81004,1.24475,0.01762,0.000295598,0.000295598,0.000295598
1649,1912.52,0.26409,0.09371,0.00135,0.76362,0.74921,0.68998,0.36431,1.81705,1.24287,0.01785,0.000294766,0.000294766,0.000294766
1650,1913.45,0.29816,0.11445,0.00136,0.76244,0.74921,0.68515,0.35976,1.81852,1.25956,0.01791,0.000293933,0.000293933,0.000293933
1651,1914.37,0.27347,0.10659,0.00151,0.75591,0.74921,0.68389,0.36128,1.81989,1.27759,0.01798,0.0002931,0.0002931,0.0002931
1652,1915.3,0.30948,0.10411,0.00137,0.74307,0.74921,0.67936,0.35934,1.81672,1.30409,0.0178,0.000292268,0.000292268,0.000292268
1653,1916.22,0.30046,0.10562,0.00144,0.74274,0.74921,0.67955,0.35949,1.81546,1.31914,0.01784,0.000291435,0.000291435,0.000291435
1654,1917.15,0.27881,0.11031,0.0013,0.74205,0.74921,0.67955,0.35985,1.8187,1.30529,0.01797,0.000290602,0.000290602,0.000290602
1655,1918.07,0.248,0.09174,0.00121,0.7404,0.74921,0.67921,0.36091,1.81014,1.30604,0.01795,0.00028977,0.00028977,0.00028977
1656,1919,0.27546,0.11873,0.00177,0.73926,0.74921,0.66691,0.35748,1.81184,1.31221,0.01799,0.000288937,0.000288937,0.000288937
1657,1919.92,0.32472,0.13636,0.00141,0.7394,0.74921,0.66713,0.35982,1.80052,1.33344,0.01835,0.000288104,0.000288104,0.000288104
1658,1920.85,0.28506,0.12717,0.00133,0.74007,0.74921,0.66784,0.36023,1.80137,1.33671,0.01842,0.000287272,0.000287272,0.000287272
1659,1921.79,0.2724,0.12276,0.00114,0.74195,0.74921,0.66899,0.36156,1.80342,1.33453,0.01848,0.000286439,0.000286439,0.000286439
1660,1922.72,0.25404,0.11184,0.00119,0.76635,0.74921,0.67888,0.36771,1.80169,1.32669,0.01845,0.000285606,0.000285606,0.000285606
1661,1923.65,0.21876,0.07896,0.00114,0.75153,0.74921,0.67739,0.36641,1.80191,1.41517,0.01748,0.000284774,0.000284774,0.000284774
1662,1924.59,0.23087,0.07777,0.00122,0.78307,0.74603,0.68185,0.37206,1.79981,1.31271,0.01832,0.000283941,0.000283941,0.000283941
1663,1925.51,0.24717,0.10687,0.00138,0.79156,0.74649,0.69755,0.3727,1.80728,1.40381,0.01743,0.000283108,0.000283108,0.000283108
1664,1926.44,0.23651,0.09351,0.00123,0.77177,0.76349,0.71847,0.37238,1.80667,1.39969,0.01742,0.000282276,0.000282276,0.000282276
1665,1927.36,0.26625,0.08989,0.00147,0.76721,0.74655,0.69349,0.37187,1.81168,1.40019,0.01744,0.000281443,0.000281443,0.000281443
1666,1928.29,0.2844,0.14179,0.00155,0.76464,0.74021,0.6911,0.37093,1.80752,1.29882,0.01835,0.00028061,0.00028061,0.00028061
1667,1929.21,0.28396,0.1122,0.00165,0.75406,0.72143,0.68643,0.3611,1.79873,1.30584,0.01817,0.000279778,0.000279778,0.000279778
1668,1930.14,0.23888,0.09146,0.00118,0.75513,0.72143,0.68522,0.37106,1.79684,1.30614,0.01818,0.000278945,0.000278945,0.000278945
1669,1931.05,0.23056,0.07863,0.00122,0.75445,0.72143,0.68154,0.3719,1.79216,1.30147,0.01821,0.000278112,0.000278112,0.000278112
1670,1931.98,0.24588,0.11491,0.0015,0.75103,0.72143,0.68488,0.37158,1.7923,1.29661,0.0182,0.00027728,0.00027728,0.00027728
1671,1932.92,0.24854,0.0822,0.00161,0.75209,0.72143,0.68587,0.37409,1.7927,1.39134,0.01732,0.000276447,0.000276447,0.000276447
1672,1933.84,0.26301,0.11304,0.00122,0.7567,0.72143,0.67893,0.36633,1.79037,1.3893,0.01726,0.000275614,0.000275614,0.000275614
1673,1934.76,0.28183,0.10906,0.0013,0.76614,0.72143,0.68882,0.37046,1.79248,1.38661,0.0172,0.000274782,0.000274782,0.000274782
1674,1935.7,0.21996,0.08398,0.00124,0.79567,0.72143,0.68882,0.37579,1.79514,1.38656,0.01715,0.000273949,0.000273949,0.000273949
1675,1936.62,0.31876,0.10088,0.00179,0.79876,0.72143,0.69044,0.38092,1.79978,1.28517,0.01802,0.000273116,0.000273116,0.000273116
1676,1937.54,0.24268,0.10559,0.00139,0.80125,0.72143,0.68941,0.38099,1.80021,1.28625,0.01804,0.000272284,0.000272284,0.000272284
1677,1938.47,0.27094,0.14477,0.00155,0.80257,0.72143,0.68882,0.37962,1.79844,1.2798,0.01796,0.000271451,0.000271451,0.000271451
1678,1939.4,0.26964,0.10538,0.00119,0.80015,0.72143,0.69141,0.37893,1.79677,1.27676,0.01799,0.000270618,0.000270618,0.000270618
1679,1940.34,0.25589,0.10918,0.0015,0.79897,0.72143,0.69141,0.38145,1.80131,1.25714,0.01817,0.000269786,0.000269786,0.000269786
1680,1941.27,0.28965,0.09908,0.00145,0.79976,0.72143,0.69141,0.38323,1.80091,1.25475,0.01817,0.000268953,0.000268953,0.000268953
1681,1942.21,0.23375,0.09624,0.00129,0.80133,0.72143,0.69196,0.37956,1.80321,1.25471,0.01812,0.00026812,0.00026812,0.00026812
1682,1943.14,0.26025,0.10723,0.00132,0.80142,0.72143,0.68571,0.3755,1.80078,1.24729,0.01811,0.000267288,0.000267288,0.000267288
1683,1944.07,0.22748,0.085,0.00116,0.80091,0.72143,0.68893,0.37464,1.80504,1.24915,0.01819,0.000266455,0.000266455,0.000266455
1684,1945.01,0.21456,0.11721,0.00108,0.78941,0.74146,0.69035,0.37535,1.81095,1.24763,0.01824,0.000265622,0.000265622,0.000265622
1685,1945.94,0.2342,0.09042,0.00123,0.79008,0.74292,0.69183,0.37419,1.81088,1.26298,0.01809,0.00026479,0.00026479,0.00026479
1686,1946.87,0.27502,0.11964,0.00129,0.79084,0.7446,0.69458,0.37961,1.80981,1.26288,0.01815,0.000263957,0.000263957,0.000263957
1687,1947.8,0.2325,0.08561,0.00129,0.79139,0.74578,0.69516,0.37754,1.80837,1.26022,0.01807,0.000263124,0.000263124,0.000263124
1688,1948.73,0.2708,0.10408,0.00152,0.79169,0.74606,0.69104,0.37234,1.81502,1.2584,0.01808,0.000262292,0.000262292,0.000262292
1689,1949.67,0.22284,0.09275,0.00122,0.79203,0.74695,0.6938,0.37477,1.81386,1.25452,0.01805,0.000261459,0.000261459,0.000261459
1690,1950.59,0.25103,0.13275,0.00135,0.79224,0.74748,0.7025,0.37652,1.824,1.28458,0.01737,0.000260626,0.000260626,0.000260626
1691,1951.52,0.22958,0.1123,0.00108,0.75885,0.74921,0.69533,0.36966,1.82547,1.28419,0.01731,0.000259794,0.000259794,0.000259794
1692,1952.45,0.24883,0.09013,0.00132,0.76415,0.74921,0.69647,0.37277,1.82725,1.28767,0.01729,0.000258961,0.000258961,0.000258961
1693,1953.37,0.2873,0.12078,0.00135,0.76413,0.74921,0.7001,0.37892,1.82429,1.29025,0.01727,0.000258128,0.000258128,0.000258128
1694,1954.31,0.24361,0.09727,0.00123,0.79092,0.74386,0.69551,0.37575,1.82446,1.29539,0.01728,0.000257296,0.000257296,0.000257296
1695,1955.23,0.31984,0.1373,0.00105,0.80556,0.76298,0.71782,0.38027,1.82535,1.29732,0.01728,0.000256463,0.000256463,0.000256463
1696,1956.15,0.30697,0.11233,0.00128,0.80488,0.76349,0.70958,0.37426,1.8254,1.29792,0.0173,0.00025563,0.00025563,0.00025563
1697,1957.08,0.23863,0.12036,0.00114,0.80378,0.76349,0.70958,0.37471,1.81876,1.29175,0.01725,0.000254798,0.000254798,0.000254798
1698,1958.02,0.2583,0.08647,0.00134,0.80439,0.76349,0.71047,0.37827,1.8207,1.29385,0.01727,0.000253965,0.000253965,0.000253965
1699,1958.95,0.26783,0.11113,0.00153,0.80453,0.76349,0.7091,0.37584,1.81984,1.29093,0.01725,0.000253132,0.000253132,0.000253132
1700,1959.88,0.28348,0.10481,0.0014,0.80468,0.76349,0.71878,0.37974,1.81561,1.28661,0.01721,0.0002523,0.0002523,0.0002523
1701,1960.8,0.26456,0.10299,0.00128,0.80727,0.76111,0.71824,0.3752,1.81582,1.28594,0.01716,0.000251467,0.000251467,0.000251467
1702,1961.73,0.24548,0.10529,0.00135,0.75472,0.76349,0.71379,0.37526,1.8151,1.28656,0.01713,0.000250634,0.000250634,0.000250634
1703,1962.67,0.29257,0.11564,0.00135,0.75668,0.76349,0.71483,0.37546,1.82099,1.27363,0.01736,0.000249802,0.000249802,0.000249802
1704,1963.6,0.22799,0.08861,0.00119,0.74448,0.74921,0.68556,0.36799,1.82009,1.27663,0.01738,0.000248969,0.000248969,0.000248969
1705,1964.55,0.30381,0.14261,0.00126,0.7422,0.74921,0.68524,0.37064,1.821,1.27722,0.01744,0.000248136,0.000248136,0.000248136
1706,1965.46,0.30654,0.09341,0.00157,0.74463,0.74921,0.68426,0.36621,1.82712,1.28405,0.0175,0.000247304,0.000247304,0.000247304
1707,1966.38,0.30252,0.17258,0.00147,0.74682,0.74921,0.67994,0.36189,1.82592,1.29166,0.01755,0.000246471,0.000246471,0.000246471
1708,1967.32,0.27756,0.14567,0.0017,0.74566,0.74863,0.68152,0.36393,1.8219,1.29655,0.01755,0.000245638,0.000245638,0.000245638
1709,1968.24,0.31068,0.14143,0.00115,0.74148,0.74744,0.68302,0.3649,1.82392,1.30324,0.01756,0.000244806,0.000244806,0.000244806
1710,1969.17,0.2717,0.09483,0.00167,0.73801,0.74613,0.68269,0.36232,1.82319,1.30746,0.01757,0.000243973,0.000243973,0.000243973
1711,1970.09,0.26011,0.08728,0.00122,0.74861,0.75817,0.70883,0.36762,1.82142,1.31172,0.01754,0.00024314,0.00024314,0.00024314
1712,1971.02,0.24071,0.08815,0.00137,0.74762,0.75706,0.70883,0.36931,1.81908,1.31366,0.01756,0.000242308,0.000242308,0.000242308
1713,1971.97,0.22572,0.08943,0.00148,0.74668,0.75685,0.70794,0.36962,1.8165,1.28478,0.01827,0.000241475,0.000241475,0.000241475
1714,1972.9,0.2502,0.1146,0.00169,0.7443,0.75738,0.70794,0.36823,1.81875,1.28761,0.01832,0.000240642,0.000240642,0.000240642
1715,1973.82,0.28701,0.12097,0.00148,0.74364,0.7576,0.70755,0.36774,1.82061,1.28964,0.01837,0.00023981,0.00023981,0.00023981
1716,1974.77,0.26061,0.09243,0.00114,0.74568,0.76326,0.70718,0.37074,1.81983,1.29284,0.01839,0.000238977,0.000238977,0.000238977
1717,1975.69,0.24922,0.11234,0.00108,0.74001,0.76349,0.70794,0.36962,1.82172,1.28305,0.01853,0.000238144,0.000238144,0.000238144
1718,1976.63,0.24311,0.14281,0.00134,0.73889,0.76349,0.71237,0.37495,1.81739,1.2729,0.0185,0.000237312,0.000237312,0.000237312
1719,1977.56,0.20377,0.08705,0.00103,0.77708,0.76349,0.71591,0.37291,1.81487,1.26467,0.01844,0.000236479,0.000236479,0.000236479
1720,1978.49,0.22361,0.09636,0.00118,0.7784,0.76349,0.71712,0.3775,1.81076,1.25508,0.01844,0.000235646,0.000235646,0.000235646
1721,1979.41,0.23041,0.0978,0.00115,0.77769,0.76349,0.71787,0.37629,1.80616,1.2451,0.01841,0.000234814,0.000234814,0.000234814
1722,1980.35,0.30918,0.13102,0.00125,0.76204,0.74921,0.69601,0.37576,1.80467,1.23775,0.01841,0.000233981,0.000233981,0.000233981
1723,1981.27,0.26717,0.14278,0.00175,0.79118,0.74436,0.69943,0.37858,1.8031,1.23333,0.01842,0.000233148,0.000233148,0.000233148
1724,1982.21,0.24668,0.1244,0.00121,0.80443,0.76016,0.72375,0.38267,1.80591,1.23195,0.01841,0.000232316,0.000232316,0.000232316
1725,1983.14,0.25763,0.12098,0.001,0.80373,0.75857,0.72375,0.38326,1.8044,1.2293,0.01844,0.000231483,0.000231483,0.000231483
1726,1984.07,0.23031,0.09907,0.00112,0.80438,0.75825,0.72375,0.38343,1.8084,1.22858,0.01848,0.00023065,0.00023065,0.00023065
1727,1985,0.29172,0.12472,0.00124,0.80481,0.75813,0.72425,0.38194,1.80823,1.22708,0.01851,0.000229818,0.000229818,0.000229818
1728,1985.92,0.27854,0.08599,0.00125,0.79194,0.74384,0.7,0.37703,1.80646,1.22313,0.01854,0.000228985,0.000228985,0.000228985
1729,1986.86,0.24055,0.11088,0.00132,0.79234,0.7447,0.70161,0.37856,1.80942,1.22043,0.01855,0.000228152,0.000228152,0.000228152
1730,1987.79,0.24672,0.11204,0.00111,0.79302,0.74633,0.70124,0.37833,1.81897,1.22316,0.01855,0.00022732,0.00022732,0.00022732
1731,1988.72,0.21932,0.08159,0.00123,0.79355,0.7476,0.70586,0.38274,1.81404,1.21979,0.01855,0.000226487,0.000226487,0.000226487
1732,1989.66,0.25754,0.08948,0.00121,0.79044,0.74921,0.70686,0.37839,1.81609,1.21902,0.01852,0.000225654,0.000225654,0.000225654
1733,1990.59,0.24295,0.09686,0.00107,0.78674,0.74921,0.70729,0.37919,1.81921,1.22152,0.01849,0.000224822,0.000224822,0.000224822
1734,1991.53,0.25027,0.08452,0.0013,0.78461,0.74921,0.70025,0.3745,1.82016,1.21138,0.01806,0.000223989,0.000223989,0.000223989
1735,1992.47,0.24731,0.12546,0.00125,0.78543,0.74921,0.7006,0.37345,1.82067,1.19433,0.01818,0.000223156,0.000223156,0.000223156
1736,1993.41,0.26992,0.09142,0.00113,0.78521,0.74921,0.70131,0.37551,1.82583,1.20195,0.01815,0.000222324,0.000222324,0.000222324
1737,1994.34,0.24697,0.12953,0.00118,0.79909,0.76349,0.7254,0.38216,1.82916,1.20748,0.01814,0.000221491,0.000221491,0.000221491
1738,1995.28,0.24139,0.12195,0.00124,0.79915,0.76349,0.72457,0.38127,1.82983,1.21425,0.01814,0.000220658,0.000220658,0.000220658
1739,1996.21,0.23725,0.07975,0.00111,0.79916,0.76349,0.72407,0.38058,1.82942,1.21757,0.01816,0.000219826,0.000219826,0.000219826
1740,1997.14,0.26687,0.09233,0.00114,0.79812,0.76349,0.7232,0.38001,1.82946,1.22284,0.01819,0.000218993,0.000218993,0.000218993
1741,1998.07,0.21701,0.09134,0.00126,0.79871,0.76349,0.7232,0.37775,1.83031,1.22603,0.01822,0.00021816,0.00021816,0.00021816
1742,1999,0.23586,0.0861,0.00105,0.7992,0.76349,0.72274,0.3772,1.83035,1.22694,0.01824,0.000217328,0.000217328,0.000217328
1743,1999.93,0.24089,0.0999,0.00119,0.80037,0.76349,0.72456,0.38233,1.83147,1.22729,0.01824,0.000216495,0.000216495,0.000216495
1744,2000.86,0.30903,0.13178,0.00133,0.8018,0.76349,0.72297,0.37947,1.8323,1.22636,0.01824,0.000215662,0.000215662,0.000215662
1745,2001.79,0.24055,0.09835,0.0011,0.80223,0.76349,0.72704,0.38128,1.8287,1.22333,0.01821,0.00021483,0.00021483,0.00021483
1746,2002.72,0.27997,0.11396,0.00132,0.78918,0.74921,0.70121,0.37932,1.82062,1.23469,0.01799,0.000213997,0.000213997,0.000213997
1747,2003.65,0.27428,0.11931,0.00184,0.79501,0.74921,0.70776,0.38128,1.82154,1.23556,0.01799,0.000213164,0.000213164,0.000213164
1748,2004.58,0.23242,0.0948,0.00119,0.79034,0.74921,0.70055,0.37722,1.81959,1.23253,0.01797,0.000212332,0.000212332,0.000212332
1749,2005.52,0.23888,0.08504,0.00146,0.79055,0.74921,0.70012,0.37327,1.81759,1.23254,0.01794,0.000211499,0.000211499,0.000211499
1750,2006.45,0.2329,0.11252,0.00105,0.7911,0.74921,0.70056,0.37596,1.81817,1.23093,0.01796,0.000210666,0.000210666,0.000210666
1751,2007.38,0.24112,0.08905,0.0011,0.79092,0.74921,0.69913,0.3761,1.82561,1.23508,0.01799,0.000209834,0.000209834,0.000209834
1752,2008.3,0.25939,0.11343,0.00146,0.79129,0.74921,0.69913,0.37565,1.82595,1.23679,0.01804,0.000209001,0.000209001,0.000209001
1753,2009.23,0.26398,0.12847,0.00137,0.79124,0.74921,0.69913,0.37591,1.82673,1.2425,0.01808,0.000208168,0.000208168,0.000208168
1754,2010.16,0.22302,0.08831,0.00139,0.79336,0.74921,0.70169,0.37387,1.82821,1.24726,0.0181,0.000207336,0.000207336,0.000207336
1755,2011.09,0.24816,0.1082,0.00129,0.78097,0.76349,0.72946,0.37502,1.82366,1.26558,0.01847,0.000206503,0.000206503,0.000206503
1756,2012.01,0.2809,0.10139,0.00144,0.78056,0.76349,0.7212,0.36856,1.82334,1.26566,0.01847,0.00020567,0.00020567,0.00020567
1757,2012.94,0.3135,0.12817,0.0012,0.7796,0.76349,0.71857,0.37051,1.82482,1.26932,0.01844,0.000204838,0.000204838,0.000204838
1758,2013.87,0.23579,0.10064,0.00113,0.77964,0.76349,0.71865,0.3703,1.82447,1.27162,0.01841,0.000204005,0.000204005,0.000204005
1759,2014.79,0.2305,0.09765,0.00111,0.77941,0.76349,0.72073,0.37051,1.8255,1.27321,0.0184,0.000203172,0.000203172,0.000203172
1760,2015.7,0.26959,0.09189,0.00138,0.77877,0.76349,0.72613,0.37183,1.82995,1.27337,0.01837,0.00020234,0.00020234,0.00020234
1761,2016.62,0.25362,0.08773,0.00212,0.77828,0.76349,0.72622,0.37171,1.8317,1.27435,0.01839,0.000201507,0.000201507,0.000201507
1762,2017.54,0.24547,0.12346,0.00125,0.77765,0.76349,0.7273,0.37215,1.83176,1.27495,0.0184,0.000200674,0.000200674,0.000200674
1763,2018.46,0.23499,0.08389,0.00109,0.77764,0.76349,0.7273,0.37286,1.82725,1.26996,0.01841,0.000199842,0.000199842,0.000199842
1764,2019.37,0.23127,0.09081,0.00122,0.77951,0.76349,0.72945,0.37398,1.82783,1.36467,0.01753,0.000199009,0.000199009,0.000199009
1765,2020.29,0.22495,0.09495,0.00109,0.77963,0.76349,0.73092,0.37633,1.82923,1.35918,0.01753,0.000198176,0.000198176,0.000198176
1766,2021.22,0.22584,0.10418,0.00122,0.76414,0.77287,0.73092,0.3735,1.83114,1.35646,0.01756,0.000197344,0.000197344,0.000197344
1767,2022.13,0.2381,0.08862,0.00118,0.76504,0.77527,0.73092,0.37413,1.83581,1.35932,0.01759,0.000196511,0.000196511,0.000196511
1768,2023.05,0.25406,0.08983,0.00144,0.76741,0.78139,0.73092,0.37566,1.83608,1.35601,0.01759,0.000195678,0.000195678,0.000195678
1769,2023.97,0.24611,0.08884,0.00132,0.77076,0.79127,0.72945,0.37528,1.83403,1.35409,0.01759,0.000194846,0.000194846,0.000194846
1770,2024.91,0.21817,0.09321,0.00111,0.76513,0.79127,0.72606,0.37136,1.83342,1.35371,0.01757,0.000194013,0.000194013,0.000194013
1771,2025.84,0.22184,0.09108,0.00111,0.76507,0.79127,0.72537,0.36941,1.83293,1.35319,0.01755,0.00019318,0.00019318,0.00019318
1772,2026.76,0.26718,0.10171,0.00118,0.76408,0.79127,0.72537,0.37347,1.83201,1.35488,0.01754,0.000192348,0.000192348,0.000192348
1773,2027.71,0.20646,0.09741,0.00123,0.76354,0.79127,0.71956,0.364,1.82782,1.35281,0.01754,0.000191515,0.000191515,0.000191515
1774,2028.66,0.2355,0.086,0.0011,0.74747,0.77698,0.6989,0.36433,1.83085,1.35648,0.01755,0.000190682,0.000190682,0.000190682
1775,2029.59,0.27372,0.14032,0.00154,0.74307,0.77698,0.70088,0.36849,1.82877,1.35765,0.01753,0.00018985,0.00018985,0.00018985
1776,2030.52,0.2914,0.10119,0.00099,0.74069,0.77698,0.6936,0.36118,1.82502,1.35848,0.01752,0.000189017,0.000189017,0.000189017
1777,2031.44,0.25948,0.1005,0.001,0.75253,0.76342,0.68896,0.35854,1.82732,1.36396,0.01753,0.000188184,0.000188184,0.000188184
1778,2032.35,0.28641,0.10609,0.00107,0.74422,0.77698,0.69059,0.35868,1.82727,1.36751,0.01753,0.000187352,0.000187352,0.000187352
1779,2033.28,0.25509,0.11619,0.00101,0.74639,0.77698,0.69309,0.36009,1.83081,1.36996,0.01755,0.000186519,0.000186519,0.000186519
1780,2034.22,0.27118,0.10988,0.00114,0.74367,0.77698,0.69309,0.36539,1.82823,1.37035,0.01754,0.000185686,0.000185686,0.000185686
1781,2035.16,0.25435,0.09311,0.00102,0.74027,0.77698,0.69309,0.36828,1.82565,1.36906,0.01751,0.000184854,0.000184854,0.000184854
1782,2036.08,0.21946,0.07814,0.00114,0.73987,0.77698,0.69454,0.37031,1.82272,1.36833,0.01747,0.000184021,0.000184021,0.000184021
1783,2037.02,0.28656,0.15759,0.00129,0.73922,0.77698,0.68921,0.36429,1.8134,1.38541,0.01724,0.000183188,0.000183188,0.000183188
1784,2037.95,0.25125,0.08308,0.00112,0.738,0.77698,0.69154,0.36508,1.81414,1.3944,0.01724,0.000182356,0.000182356,0.000182356
1785,2038.89,0.24324,0.13295,0.00106,0.7216,0.74921,0.69111,0.36576,1.81463,1.39988,0.01724,0.000181523,0.000181523,0.000181523
1786,2039.84,0.28294,0.12515,0.00139,0.71926,0.74921,0.68918,0.36573,1.81367,1.40754,0.01723,0.00018069,0.00018069,0.00018069
1787,2040.76,0.28854,0.10688,0.00135,0.7239,0.75576,0.69385,0.37269,1.81173,1.4098,0.01722,0.000179858,0.000179858,0.000179858
1788,2041.7,0.25638,0.10744,0.00149,0.72454,0.75696,0.69374,0.37407,1.80692,1.408,0.01723,0.000179025,0.000179025,0.000179025
1789,2042.63,0.26174,0.11627,0.00109,0.72643,0.75952,0.6959,0.37762,1.80538,1.40106,0.01721,0.000178192,0.000178192,0.000178192
1790,2043.56,0.27728,0.141,0.00109,0.73192,0.77079,0.6975,0.37917,1.80115,1.39056,0.0172,0.00017736,0.00017736,0.00017736
1791,2044.49,0.22569,0.09052,0.00122,0.75166,0.79724,0.7249,0.38208,1.80879,1.3743,0.01743,0.000176527,0.000176527,0.000176527
1792,2045.41,0.24164,0.1141,0.00109,0.76235,0.79127,0.73119,0.38405,1.81024,1.36926,0.01746,0.000175694,0.000175694,0.000175694
1793,2046.33,0.23065,0.09537,0.00133,0.78362,0.79127,0.7304,0.38657,1.80754,1.36136,0.01747,0.000174862,0.000174862,0.000174862
1794,2047.26,0.31041,0.11252,0.00176,0.78797,0.79127,0.7304,0.38554,1.81541,1.35962,0.01751,0.000174029,0.000174029,0.000174029
1795,2048.18,0.23526,0.09545,0.00138,0.78743,0.79127,0.7304,0.38372,1.81804,1.35725,0.01752,0.000173196,0.000173196,0.000173196
1796,2049.11,0.27306,0.08821,0.0011,0.77371,0.77698,0.70636,0.38067,1.82306,1.35655,0.01753,0.000172364,0.000172364,0.000172364
1797,2050.04,0.20837,0.08355,0.00114,0.77371,0.77698,0.70557,0.38473,1.82815,1.35335,0.01753,0.000171531,0.000171531,0.000171531
1798,2050.97,0.22011,0.07294,0.00104,0.77443,0.77698,0.70636,0.38434,1.83091,1.35445,0.01753,0.000170698,0.000170698,0.000170698
1799,2051.89,0.20525,0.08151,0.0013,0.77458,0.77698,0.70557,0.38147,1.83118,1.35619,0.01752,0.000169866,0.000169866,0.000169866
1800,2052.83,0.25405,0.10266,0.00152,0.77416,0.77698,0.70548,0.38035,1.835,1.40343,0.01756,0.000169033,0.000169033,0.000169033
1801,2053.76,0.24602,0.09802,0.00114,0.77304,0.77698,0.70548,0.3831,1.8444,1.38891,0.01735,0.0001682,0.0001682,0.0001682
1802,2054.69,0.2461,0.08211,0.00134,0.78428,0.79127,0.73021,0.3834,1.84792,1.39588,0.01738,0.000167368,0.000167368,0.000167368
1803,2055.62,0.25839,0.0861,0.00106,0.78224,0.79127,0.73021,0.38568,1.84558,1.4033,0.01737,0.000166535,0.000166535,0.000166535
1804,2056.54,0.25311,0.0996,0.00127,0.78414,0.79127,0.73073,0.38375,1.84337,1.40679,0.01738,0.000165702,0.000165702,0.000165702
1805,2057.46,0.23488,0.0786,0.00118,0.78958,0.7858,0.73396,0.3844,1.84318,1.4118,0.0174,0.00016487,0.00016487,0.00016487
1806,2058.39,0.26202,0.10698,0.00135,0.81204,0.78433,0.73847,0.38384,1.8375,1.41634,0.01737,0.000164037,0.000164037,0.000164037
1807,2059.31,0.2486,0.10099,0.00123,0.81178,0.78374,0.74352,0.38768,1.83887,1.42317,0.01736,0.000163204,0.000163204,0.000163204
1808,2060.25,0.21782,0.08845,0.00123,0.81113,0.78185,0.74352,0.38238,1.83684,1.42849,0.01737,0.000162372,0.000162372,0.000162372
1809,2061.19,0.26101,0.10598,0.00138,0.81079,0.78149,0.74352,0.38405,1.8341,1.43265,0.01736,0.000161539,0.000161539,0.000161539
1810,2062.11,0.24253,0.11366,0.00134,0.80892,0.78234,0.74431,0.38391,1.83456,1.43757,0.01735,0.000160706,0.000160706,0.000160706
1811,2063.04,0.2292,0.10778,0.0011,0.80532,0.7874,0.74085,0.38179,1.83321,1.43947,0.01736,0.000159874,0.000159874,0.000159874
1812,2063.97,0.23805,0.09554,0.00131,0.77183,0.79127,0.74085,0.3803,1.83248,1.44182,0.01735,0.000159041,0.000159041,0.000159041
1813,2064.91,0.23656,0.08532,0.00102,0.76865,0.79127,0.73634,0.38,1.83124,1.44436,0.01731,0.000158208,0.000158208,0.000158208
1814,2065.85,0.21661,0.08115,0.00132,0.76886,0.79127,0.73634,0.38106,1.83095,1.44604,0.01727,0.000157376,0.000157376,0.000157376
1815,2066.79,0.25314,0.11455,0.00197,0.76653,0.79127,0.73634,0.38165,1.82956,1.44869,0.01726,0.000156543,0.000156543,0.000156543
1816,2067.72,0.2294,0.08833,0.00148,0.76521,0.79127,0.73812,0.38397,1.83425,1.4378,0.01751,0.00015571,0.00015571,0.00015571
1817,2068.64,0.22697,0.09511,0.00102,0.76728,0.79127,0.73312,0.37946,1.83439,1.43794,0.01751,0.000154878,0.000154878,0.000154878
1818,2069.57,0.20618,0.12475,0.00108,0.76937,0.79127,0.73312,0.37923,1.83174,1.43755,0.01753,0.000154045,0.000154045,0.000154045
1819,2070.5,0.25179,0.11221,0.00112,0.76978,0.79127,0.73257,0.37823,1.83017,1.43526,0.01754,0.000153212,0.000153212,0.000153212
1820,2071.44,0.23735,0.10798,0.00099,0.75962,0.77698,0.70732,0.37752,1.82923,1.43262,0.01755,0.00015238,0.00015238,0.00015238
1821,2072.35,0.23564,0.10035,0.00151,0.76174,0.77698,0.70486,0.37625,1.83024,1.42802,0.01755,0.000151547,0.000151547,0.000151547
1822,2073.29,0.21104,0.07685,0.00123,0.73879,0.76846,0.69792,0.37215,1.83508,1.42912,0.01756,0.000150714,0.000150714,0.000150714
1823,2074.21,0.2531,0.12673,0.00103,0.74199,0.77167,0.69792,0.37252,1.8351,1.42595,0.01759,0.000149882,0.000149882,0.000149882
1824,2075.13,0.26515,0.11219,0.00134,0.74176,0.75644,0.69369,0.37134,1.83551,1.42291,0.0176,0.000149049,0.000149049,0.000149049
1825,2076.06,0.21409,0.09619,0.00107,0.74329,0.7516,0.69369,0.36763,1.83438,1.41777,0.01762,0.000148216,0.000148216,0.000148216
1826,2076.98,0.24817,0.10387,0.00122,0.74843,0.74921,0.69735,0.36818,1.83674,1.41836,0.01764,0.000147384,0.000147384,0.000147384
1827,2077.9,0.21037,0.08557,0.00098,0.74759,0.77459,0.69369,0.36546,1.83491,1.41557,0.01765,0.000146551,0.000146551,0.000146551
1828,2078.83,0.23549,0.10521,0.00113,0.76211,0.76349,0.71983,0.36743,1.83406,1.41277,0.01763,0.000145718,0.000145718,0.000145718
1829,2079.76,0.1982,0.07878,0.00113,0.7645,0.76349,0.71983,0.36781,1.83437,1.41039,0.01764,0.000144886,0.000144886,0.000144886
1830,2080.7,0.20474,0.10117,0.00129,0.7665,0.76349,0.72459,0.37044,1.83165,1.41803,0.01751,0.000144053,0.000144053,0.000144053
1831,2081.62,0.25866,0.09543,0.00124,0.76678,0.76349,0.72459,0.36941,1.83577,1.40447,0.01764,0.00014322,0.00014322,0.00014322
1832,2082.54,0.22585,0.1035,0.0011,0.77051,0.79127,0.72538,0.36952,1.83179,1.41626,0.01741,0.000142388,0.000142388,0.000142388
1833,2083.5,0.29141,0.11727,0.00137,0.76955,0.78753,0.7249,0.36728,1.83159,1.4267,0.01727,0.000141555,0.000141555,0.000141555
1834,2084.44,0.20043,0.07668,0.00108,0.79014,0.7881,0.72955,0.36969,1.83304,1.42766,0.01728,0.000140722,0.000140722,0.000140722
1835,2085.37,0.2676,0.09437,0.0012,0.78073,0.76256,0.73055,0.37114,1.8354,1.41663,0.01742,0.00013989,0.00013989,0.00013989
1836,2086.3,0.2122,0.09547,0.00122,0.74793,0.73571,0.72272,0.3654,1.83785,1.42015,0.01743,0.000139057,0.000139057,0.000139057
1837,2087.22,0.22042,0.10281,0.00113,0.76558,0.73571,0.72269,0.36833,1.83003,1.4424,0.01763,0.000138224,0.000138224,0.000138224
1838,2088.14,0.25937,0.09878,0.00203,0.76511,0.73571,0.72202,0.36755,1.83078,1.44957,0.01762,0.000137392,0.000137392,0.000137392
1839,2089.07,0.24774,0.10206,0.00104,0.78166,0.73571,0.72304,0.36799,1.83132,1.45056,0.01764,0.000136559,0.000136559,0.000136559
1840,2090.01,0.28608,0.12804,0.00144,0.78916,0.73571,0.72254,0.36447,1.82972,1.45269,0.01766,0.000135726,0.000135726,0.000135726
1841,2090.93,0.24956,0.08818,0.00098,0.77637,0.72143,0.70272,0.36718,1.83607,1.34699,0.01868,0.000134894,0.000134894,0.000134894
1842,2091.88,0.23416,0.08884,0.001,0.77748,0.72143,0.70038,0.36488,1.83701,1.34413,0.01864,0.000134061,0.000134061,0.000134061
1843,2092.8,0.23843,0.1124,0.0014,0.77848,0.72143,0.70077,0.36589,1.83501,1.33897,0.01862,0.000133228,0.000133228,0.000133228
1844,2093.73,0.2305,0.11565,0.00103,0.79259,0.73571,0.73819,0.37654,1.83225,1.32869,0.01861,0.000132396,0.000132396,0.000132396
1845,2094.66,0.25727,0.0994,0.00094,0.79374,0.73571,0.72822,0.37046,1.83153,1.32551,0.0186,0.000131563,0.000131563,0.000131563
1846,2095.58,0.21216,0.07671,0.00109,0.79496,0.73571,0.73219,0.37286,1.83095,1.3238,0.01858,0.00013073,0.00013073,0.00013073
1847,2096.52,0.20069,0.09582,0.00112,0.79536,0.73571,0.72822,0.37293,1.83342,1.32942,0.01856,0.000129898,0.000129898,0.000129898
1848,2097.45,0.25536,0.10451,0.00133,0.79551,0.73571,0.73566,0.37713,1.82952,1.33001,0.01856,0.000129065,0.000129065,0.000129065
1849,2098.37,0.24952,0.10327,0.00141,0.7951,0.73571,0.73306,0.37619,1.82783,1.33637,0.01853,0.000128232,0.000128232,0.000128232
1850,2099.3,0.24097,0.08054,0.00111,0.79392,0.73571,0.73314,0.37614,1.82653,1.34108,0.01851,0.0001274,0.0001274,0.0001274
1851,2100.24,0.21464,0.08916,0.00102,0.79254,0.73571,0.72747,0.37233,1.82504,1.33888,0.01852,0.000126567,0.000126567,0.000126567
1852,2101.16,0.22068,0.07719,0.001,0.79035,0.73571,0.73197,0.37598,1.82546,1.33736,0.01851,0.000125734,0.000125734,0.000125734
1853,2102.09,0.28913,0.11976,0.00107,0.82857,0.7315,0.73039,0.37553,1.82423,1.33686,0.0185,0.000124902,0.000124902,0.000124902
1854,2103.02,0.25447,0.08637,0.00112,0.8285,0.73146,0.72869,0.37357,1.82277,1.33649,0.01848,0.000124069,0.000124069,0.000124069
1855,2103.95,0.30499,0.14178,0.00158,0.82842,0.73099,0.73091,0.37406,1.82242,1.3283,0.0185,0.000123236,0.000123236,0.000123236
1856,2104.9,0.23196,0.09714,0.0012,0.81503,0.71728,0.71012,0.37206,1.82619,1.32333,0.01852,0.000122404,0.000122404,0.000122404
1857,2105.84,0.27285,0.10255,0.00149,0.81521,0.71795,0.71012,0.3705,1.82455,1.32407,0.01854,0.000121571,0.000121571,0.000121571
1858,2106.76,0.2313,0.10035,0.00115,0.81574,0.71979,0.70945,0.36963,1.82552,1.32974,0.01854,0.000120738,0.000120738,0.000120738
1859,2107.69,0.2336,0.08638,0.00112,0.81606,0.72143,0.71008,0.3706,1.82721,1.33862,0.01854,0.000119906,0.000119906,0.000119906
1860,2108.63,0.22336,0.09986,0.001,0.81213,0.72143,0.70945,0.37063,1.82755,1.33708,0.01856,0.000119073,0.000119073,0.000119073
1861,2109.55,0.23414,0.10637,0.00099,0.81055,0.72143,0.70945,0.3699,1.82818,1.32995,0.01858,0.00011824,0.00011824,0.00011824
1862,2110.5,0.25865,0.13486,0.00117,0.81068,0.72143,0.70945,0.37015,1.82785,1.32567,0.01857,0.000117408,0.000117408,0.000117408
1863,2111.42,0.27601,0.09516,0.00116,0.81105,0.72143,0.7102,0.36889,1.83066,1.32137,0.01857,0.000116575,0.000116575,0.000116575
1864,2112.34,0.22157,0.08269,0.00116,0.81104,0.72143,0.71045,0.37107,1.82765,1.31821,0.01855,0.000115742,0.000115742,0.000115742
1865,2113.26,0.23229,0.08479,0.00145,0.81073,0.72143,0.71054,0.37265,1.82762,1.31889,0.01853,0.00011491,0.00011491,0.00011491
1866,2114.19,0.22186,0.08487,0.00118,0.82549,0.73571,0.73497,0.37411,1.8292,1.32243,0.01852,0.000114077,0.000114077,0.000114077
1867,2115.12,0.22876,0.10014,0.00102,0.82659,0.73571,0.73497,0.37056,1.83148,1.33145,0.01852,0.000113244,0.000113244,0.000113244
1868,2116.06,0.23752,0.08248,0.00118,0.82727,0.73571,0.7343,0.37327,1.83438,1.33813,0.01852,0.000112412,0.000112412,0.000112412
1869,2116.99,0.19602,0.09252,0.00084,0.82864,0.73571,0.7343,0.37646,1.83733,1.34456,0.01852,0.000111579,0.000111579,0.000111579
1870,2117.91,0.18958,0.09428,0.00111,0.8277,0.73571,0.7343,0.37718,1.84,1.34997,0.01852,0.000110746,0.000110746,0.000110746
1871,2118.84,0.24323,0.14719,0.0013,0.82957,0.73571,0.73497,0.38262,1.83974,1.34137,0.01851,0.000109914,0.000109914,0.000109914
1872,2119.77,0.21656,0.14887,0.00092,0.82989,0.73487,0.73497,0.38214,1.8389,1.33469,0.0185,0.000109081,0.000109081,0.000109081
1873,2120.69,0.27171,0.09361,0.00107,0.82945,0.73348,0.73699,0.38069,1.83522,1.33233,0.0185,0.000108248,0.000108248,0.000108248
1874,2121.62,0.34136,0.13292,0.00118,0.82886,0.73161,0.73752,0.38236,1.83156,1.32814,0.0185,0.000107416,0.000107416,0.000107416
1875,2122.55,0.25942,0.09438,0.00113,0.7923,0.73571,0.73414,0.38033,1.82925,1.33025,0.01847,0.000106583,0.000106583,0.000106583
1876,2123.47,0.21668,0.09,0.00117,0.79231,0.73571,0.73464,0.3801,1.82983,1.32733,0.01846,0.00010575,0.00010575,0.00010575
1877,2124.4,0.21653,0.08806,0.00108,0.79236,0.73571,0.73464,0.37615,1.82888,1.32804,0.01846,0.000104918,0.000104918,0.000104918
1878,2125.33,0.22744,0.07564,0.00092,0.79275,0.73571,0.73414,0.37591,1.83209,1.32752,0.01846,0.000104085,0.000104085,0.000104085
1879,2126.26,0.2666,0.12463,0.00107,0.77999,0.72143,0.70933,0.36973,1.83042,1.32841,0.01846,0.000103252,0.000103252,0.000103252
1880,2127.18,0.23487,0.11486,0.00105,0.77952,0.72143,0.70839,0.37072,1.82528,1.32835,0.01848,0.00010242,0.00010242,0.00010242
1881,2128.11,0.21618,0.08432,0.00126,0.77995,0.72143,0.70954,0.3714,1.82528,1.32171,0.01849,0.000101587,0.000101587,0.000101587
1882,2129.04,0.22665,0.09433,0.00097,0.78046,0.72143,0.70778,0.3702,1.82791,1.31722,0.01849,0.000100754,0.000100754,0.000100754
1883,2129.98,0.22802,0.07247,0.00098,0.7398,0.74921,0.70945,0.37149,1.83164,1.31146,0.01849,9.99216e-05,9.99216e-05,9.99216e-05
1884,2130.92,0.23595,0.10597,0.00146,0.73936,0.74921,0.71059,0.37486,1.8297,1.30919,0.01846,9.9089e-05,9.9089e-05,9.9089e-05
1885,2131.94,0.22279,0.08654,0.00124,0.73838,0.74921,0.70831,0.37528,1.82848,1.30792,0.01846,9.82563e-05,9.82563e-05,9.82563e-05
1886,2133.25,0.20237,0.08199,0.00125,0.73849,0.74921,0.70831,0.37725,1.82885,1.30817,0.01846,9.74236e-05,9.74236e-05,9.74236e-05
1887,2134.54,0.24342,0.09683,0.00105,0.79111,0.74076,0.71029,0.3787,1.83131,1.30766,0.01847,9.6591e-05,9.6591e-05,9.6591e-05
1888,2135.59,0.22053,0.1049,0.00097,0.79149,0.74165,0.71029,0.37944,1.83366,1.30641,0.01847,9.57583e-05,9.57583e-05,9.57583e-05
1889,2136.85,0.21985,0.08657,0.00108,0.79173,0.74255,0.71153,0.38085,1.83178,1.30587,0.01845,9.49256e-05,9.49256e-05,9.49256e-05
1890,2138.16,0.20377,0.08537,0.00099,0.79172,0.7424,0.71153,0.37688,1.83528,1.30764,0.01845,9.4093e-05,9.4093e-05,9.4093e-05
1891,2139.49,0.21,0.09775,0.001,0.7918,0.74289,0.71153,0.37691,1.83318,1.30694,0.01844,9.32603e-05,9.32603e-05,9.32603e-05
1892,2140.81,0.2187,0.08731,0.00102,0.7917,0.74246,0.71225,0.37712,1.82931,1.30458,0.01843,9.24276e-05,9.24276e-05,9.24276e-05
1893,2142.14,0.19538,0.0816,0.001,0.79139,0.74211,0.71225,0.37272,1.8303,1.30746,0.01844,9.1595e-05,9.1595e-05,9.1595e-05
1894,2143.49,0.22896,0.08283,0.00117,0.79141,0.7425,0.71117,0.37452,1.83141,1.30959,0.01844,9.07623e-05,9.07623e-05,9.07623e-05
1895,2144.82,0.23561,0.09272,0.0013,0.79082,0.74145,0.71117,0.37988,1.83153,1.31367,0.01844,8.99296e-05,8.99296e-05,8.99296e-05
1896,2146.06,0.20212,0.09881,0.00118,0.79023,0.7405,0.71117,0.38009,1.83391,1.31656,0.01844,8.9097e-05,8.9097e-05,8.9097e-05
1897,2147.13,0.28011,0.08949,0.00098,0.79035,0.7407,0.71104,0.37927,1.83248,1.31791,0.01844,8.82643e-05,8.82643e-05,8.82643e-05
1898,2148.35,0.2227,0.08084,0.00147,0.79038,0.74112,0.71192,0.37985,1.83278,1.31788,0.01844,8.74316e-05,8.74316e-05,8.74316e-05
1899,2149.48,0.20652,0.08065,0.00109,0.80381,0.75584,0.73735,0.38169,1.83026,1.31532,0.01842,8.6599e-05,8.6599e-05,8.6599e-05
1900,2150.49,0.23333,0.08762,0.00147,0.79063,0.74175,0.71283,0.38049,1.82256,1.42464,0.01739,8.57663e-05,8.57663e-05,8.57663e-05
1901,2151.61,0.20899,0.07382,0.0009,0.79057,0.74171,0.713,0.37936,1.82345,1.42952,0.0174,8.49337e-05,8.49337e-05,8.49337e-05
1902,2152.68,0.24264,0.11583,0.00099,0.79087,0.74229,0.71147,0.37732,1.82621,1.43373,0.01739,8.4101e-05,8.4101e-05,8.4101e-05
1903,2153.7,0.19541,0.09211,0.00083,0.79141,0.74338,0.71235,0.37913,1.82314,1.43344,0.01738,8.32683e-05,8.32683e-05,8.32683e-05
1904,2154.65,0.20792,0.08872,0.00109,0.80462,0.75801,0.73735,0.38225,1.82048,1.43455,0.01737,8.24357e-05,8.24357e-05,8.24357e-05
1905,2155.73,0.19312,0.08552,0.00102,0.79154,0.74408,0.71372,0.38047,1.82277,1.43809,0.01737,8.1603e-05,8.1603e-05,8.1603e-05
1906,2156.75,0.24174,0.1014,0.00099,0.79182,0.74511,0.71372,0.38147,1.82422,1.43858,0.01739,8.07703e-05,8.07703e-05,8.07703e-05
1907,2157.75,0.21114,0.07294,0.00096,0.79222,0.74625,0.71393,0.38043,1.82379,1.44026,0.01738,7.99377e-05,7.99377e-05,7.99377e-05
1908,2158.89,0.22216,0.1208,0.00105,0.79301,0.74795,0.71372,0.38033,1.82505,1.44133,0.0174,7.9105e-05,7.9105e-05,7.9105e-05
1909,2160,0.25515,0.11212,0.00089,0.79331,0.74851,0.71388,0.38036,1.82269,1.44007,0.01741,7.82723e-05,7.82723e-05,7.82723e-05
1910,2161.01,0.23096,0.11238,0.00107,0.79288,0.74921,0.71388,0.38196,1.82051,1.43983,0.01741,7.74397e-05,7.74397e-05,7.74397e-05
1911,2161.96,0.26474,0.08955,0.00092,0.79371,0.74906,0.71278,0.37964,1.82588,1.42915,0.01703,7.6607e-05,7.6607e-05,7.6607e-05
1912,2162.9,0.21073,0.08324,0.00115,0.79324,0.74921,0.71295,0.37984,1.8265,1.41379,0.01721,7.57743e-05,7.57743e-05,7.57743e-05
1913,2163.86,0.20223,0.09326,0.00089,0.77968,0.74921,0.71416,0.37796,1.81866,1.43401,0.01741,7.49417e-05,7.49417e-05,7.49417e-05
1914,2164.79,0.21313,0.08859,0.00111,0.7785,0.74921,0.71399,0.37769,1.82,1.43344,0.01743,7.4109e-05,7.4109e-05,7.4109e-05
1915,2165.72,0.27457,0.12488,0.00148,0.7989,0.76619,0.71804,0.3776,1.81872,1.43228,0.01745,7.32763e-05,7.32763e-05,7.32763e-05
1916,2166.79,0.24637,0.13676,0.0022,0.77868,0.74921,0.71333,0.37687,1.81893,1.4315,0.01745,7.24437e-05,7.24437e-05,7.24437e-05
1917,2167.73,0.21389,0.0795,0.00103,0.77887,0.74921,0.70918,0.37395,1.81886,1.43312,0.01746,7.1611e-05,7.1611e-05,7.1611e-05
1918,2168.76,0.20441,0.0964,0.00164,0.77941,0.74921,0.71399,0.37746,1.82199,1.43207,0.01749,7.07783e-05,7.07783e-05,7.07783e-05
1919,2169.82,0.21576,0.10473,0.00127,0.79312,0.76349,0.73724,0.3806,1.8233,1.43206,0.01751,6.99457e-05,6.99457e-05,6.99457e-05
1920,2170.75,0.20126,0.07469,0.00115,0.79307,0.76349,0.73674,0.37781,1.82501,1.42999,0.01752,6.9113e-05,6.9113e-05,6.9113e-05
1921,2171.8,0.25826,0.08448,0.00128,0.77873,0.74921,0.71404,0.37736,1.82508,1.42994,0.01752,6.82803e-05,6.82803e-05,6.82803e-05
1922,2172.85,0.20191,0.08426,0.00111,0.7777,0.74921,0.71515,0.37779,1.82525,1.43169,0.0175,6.74477e-05,6.74477e-05,6.74477e-05
1923,2173.79,0.27192,0.11707,0.00109,0.77783,0.74921,0.71515,0.37657,1.82481,1.4298,0.01748,6.6615e-05,6.6615e-05,6.6615e-05
1924,2174.71,0.2077,0.08397,0.0011,0.77741,0.74921,0.71066,0.37289,1.82053,1.42724,0.01746,6.57823e-05,6.57823e-05,6.57823e-05
1925,2175.65,0.25973,0.09551,0.00133,0.79481,0.74883,0.71393,0.37612,1.81918,1.42867,0.01745,6.49497e-05,6.49497e-05,6.49497e-05
1926,2176.7,0.24104,0.1111,0.0009,0.79504,0.74874,0.71423,0.37654,1.82163,1.43013,0.01745,6.4117e-05,6.4117e-05,6.4117e-05
1927,2177.65,0.20417,0.07739,0.00097,0.79556,0.74889,0.71423,0.37685,1.82215,1.42937,0.01744,6.32843e-05,6.32843e-05,6.32843e-05
1928,2178.6,0.24981,0.12111,0.00098,0.7955,0.74876,0.71423,0.37293,1.82528,1.43163,0.01745,6.24517e-05,6.24517e-05,6.24517e-05
1929,2179.54,0.22292,0.0823,0.00094,0.7959,0.74905,0.71343,0.37237,1.82567,1.43097,0.01745,6.1619e-05,6.1619e-05,6.1619e-05
1930,2180.48,0.23153,0.08685,0.00095,0.79595,0.74921,0.71343,0.3722,1.82417,1.42979,0.01747,6.07863e-05,6.07863e-05,6.07863e-05
1931,2181.42,0.18419,0.08617,0.00107,0.79633,0.74909,0.71348,0.37606,1.82303,1.42705,0.01746,5.99537e-05,5.99537e-05,5.99537e-05
1932,2182.62,0.22813,0.07802,0.00096,0.79621,0.7488,0.71455,0.3767,1.82162,1.42581,0.01747,5.9121e-05,5.9121e-05,5.9121e-05
1933,2183.79,0.18282,0.07007,0.00149,0.7964,0.74893,0.71348,0.3771,1.82399,1.42587,0.01747,5.82883e-05,5.82883e-05,5.82883e-05
1934,2184.79,0.24419,0.09204,0.00108,0.79674,0.74918,0.7087,0.37393,1.82324,1.42642,0.01747,5.74557e-05,5.74557e-05,5.74557e-05
1935,2185.81,0.19724,0.0871,0.00085,0.80971,0.76349,0.73628,0.37953,1.8214,1.42591,0.01745,5.6623e-05,5.6623e-05,5.6623e-05
1936,2186.93,0.20617,0.08994,0.00111,0.80952,0.76349,0.73817,0.38009,1.82329,1.42707,0.01745,5.57903e-05,5.57903e-05,5.57903e-05
1937,2187.98,0.19242,0.07608,0.00094,0.80873,0.76349,0.73679,0.37943,1.81983,1.42538,0.01744,5.49577e-05,5.49577e-05,5.49577e-05
1938,2189.2,0.18139,0.07391,0.00113,0.80867,0.76349,0.73679,0.38325,1.81858,1.42396,0.01745,5.4125e-05,5.4125e-05,5.4125e-05
1939,2190.44,0.26024,0.11943,0.00105,0.8084,0.76349,0.73656,0.38187,1.81884,1.42233,0.01745,5.32923e-05,5.32923e-05,5.32923e-05
1940,2191.49,0.22091,0.08299,0.00099,0.80851,0.76349,0.73679,0.38344,1.81524,1.42051,0.01745,5.24597e-05,5.24597e-05,5.24597e-05
1941,2192.51,0.2072,0.07652,0.00117,0.808,0.76349,0.73608,0.38362,1.81739,1.42219,0.01745,5.1627e-05,5.1627e-05,5.1627e-05
1942,2193.62,0.22756,0.08474,0.00097,0.80721,0.76349,0.73716,0.38341,1.81818,1.42479,0.01745,5.07943e-05,5.07943e-05,5.07943e-05
1943,2194.62,0.25718,0.1028,0.00113,0.80751,0.76349,0.73608,0.38331,1.81554,1.42514,0.01744,4.99617e-05,4.99617e-05,4.99617e-05
1944,2195.55,0.21818,0.10372,0.0009,0.80764,0.76349,0.73763,0.38358,1.81913,1.42591,0.01746,4.9129e-05,4.9129e-05,4.9129e-05
1945,2196.49,0.20018,0.08047,0.00091,0.79566,0.74921,0.7132,0.37934,1.81762,1.42485,0.01747,4.82963e-05,4.82963e-05,4.82963e-05
1946,2197.42,0.19073,0.09114,0.00105,0.79561,0.74884,0.71274,0.37807,1.82405,1.42613,0.01749,4.74637e-05,4.74637e-05,4.74637e-05
1947,2198.35,0.21966,0.08425,0.00116,0.7951,0.74845,0.71274,0.37791,1.82128,1.42478,0.0175,4.6631e-05,4.6631e-05,4.6631e-05
1948,2199.31,0.24518,0.08298,0.00095,0.79507,0.74807,0.71471,0.3791,1.82119,1.42308,0.01751,4.57983e-05,4.57983e-05,4.57983e-05
1949,2200.24,0.2144,0.08689,0.00098,0.79509,0.74763,0.71392,0.37495,1.8211,1.4204,0.01752,4.49657e-05,4.49657e-05,4.49657e-05
1950,2201.27,0.21738,0.13432,0.00108,0.79514,0.74784,0.71471,0.37588,1.82001,1.41857,0.0175,4.4133e-05,4.4133e-05,4.4133e-05
1951,2202.43,0.26066,0.1108,0.00102,0.79529,0.74816,0.71471,0.37625,1.82093,1.41893,0.01751,4.33003e-05,4.33003e-05,4.33003e-05
1952,2203.5,0.25117,0.12072,0.00103,0.79541,0.74815,0.71399,0.37647,1.82042,1.41793,0.01751,4.24677e-05,4.24677e-05,4.24677e-05
1953,2204.55,0.25241,0.10566,0.00135,0.79561,0.74785,0.71399,0.37529,1.82279,1.41613,0.01752,4.1635e-05,4.1635e-05,4.1635e-05
1954,2205.65,0.26811,0.1081,0.00129,0.79529,0.74745,0.71399,0.37627,1.82187,1.41424,0.01751,4.08023e-05,4.08023e-05,4.08023e-05
1955,2206.69,0.18664,0.08406,0.00105,0.80851,0.76115,0.73653,0.37865,1.82314,1.41535,0.01752,3.99697e-05,3.99697e-05,3.99697e-05
1956,2207.64,0.30746,0.10727,0.00103,0.80811,0.76067,0.73653,0.38127,1.82615,1.41602,0.01753,3.9137e-05,3.9137e-05,3.9137e-05
1957,2208.56,0.22373,0.08164,0.00141,0.80799,0.76077,0.73653,0.38056,1.82422,1.41477,0.01752,3.83043e-05,3.83043e-05,3.83043e-05
1958,2209.49,0.19864,0.07096,0.00085,0.80814,0.76107,0.73605,0.38036,1.83154,1.39916,0.01736,3.74717e-05,3.74717e-05,3.74717e-05
1959,2210.43,0.22354,0.12476,0.00193,0.8078,0.76066,0.73605,0.38371,1.83093,1.39908,0.01734,3.6639e-05,3.6639e-05,3.6639e-05
1960,2211.35,0.23284,0.08079,0.00131,0.80758,0.7603,0.73605,0.38432,1.82889,1.39946,0.01733,3.58063e-05,3.58063e-05,3.58063e-05
1961,2212.4,0.24951,0.09261,0.00114,0.80776,0.7603,0.73605,0.38362,1.83297,1.40052,0.01735,3.49737e-05,3.49737e-05,3.49737e-05
1962,2213.48,0.23601,0.09773,0.00121,0.80811,0.76037,0.73605,0.38362,1.83205,1.39961,0.01735,3.4141e-05,3.4141e-05,3.4141e-05
1963,2214.46,0.24284,0.08107,0.00104,0.80841,0.76054,0.73498,0.38263,1.83148,1.39853,0.01734,3.33083e-05,3.33083e-05,3.33083e-05
1964,2215.43,0.21824,0.09239,0.00101,0.80877,0.76119,0.73498,0.38095,1.83047,1.39929,0.01734,3.24757e-05,3.24757e-05,3.24757e-05
1965,2216.37,0.19661,0.07688,0.00102,0.8088,0.76102,0.73498,0.38095,1.83085,1.39888,0.01731,3.1643e-05,3.1643e-05,3.1643e-05
1966,2217.3,0.23354,0.08749,0.00093,0.80873,0.76068,0.73498,0.38127,1.83083,1.40178,0.01732,3.08103e-05,3.08103e-05,3.08103e-05
1967,2218.32,0.20662,0.09267,0.00099,0.80837,0.75966,0.73498,0.38291,1.82898,1.40303,0.0173,2.99777e-05,2.99777e-05,2.99777e-05
1968,2219.34,0.22141,0.14229,0.00112,0.80856,0.75887,0.73605,0.38075,1.82923,1.40321,0.0173,2.9145e-05,2.9145e-05,2.9145e-05
1969,2220.32,0.18504,0.07002,0.00088,0.80889,0.75874,0.73605,0.37974,1.82972,1.40478,0.0173,2.83123e-05,2.83123e-05,2.83123e-05
1970,2221.37,0.23792,0.083,0.00134,0.80919,0.75698,0.73605,0.3783,1.83217,1.40462,0.01732,2.74797e-05,2.74797e-05,2.74797e-05
1971,2222.48,0.18764,0.07548,0.00095,0.80957,0.75783,0.73605,0.37934,1.83424,1.4051,0.01734,2.6647e-05,2.6647e-05,2.6647e-05
1972,2223.55,0.18837,0.07136,0.00087,0.81021,0.7601,0.73605,0.37943,1.8318,1.4036,0.01733,2.58143e-05,2.58143e-05,2.58143e-05
1973,2224.73,0.19636,0.09229,0.00093,0.81033,0.75796,0.73089,0.37636,1.82988,1.40321,0.0173,2.49817e-05,2.49817e-05,2.49817e-05
1974,2225.93,0.24516,0.08375,0.00114,0.81089,0.75908,0.7357,0.37916,1.82911,1.40301,0.0173,2.4149e-05,2.4149e-05,2.4149e-05
1975,2227.04,0.20387,0.09001,0.00101,0.81117,0.75773,0.73605,0.3792,1.83222,1.40463,0.0173,2.33163e-05,2.33163e-05,2.33163e-05
1976,2228.19,0.24903,0.08917,0.00117,0.81117,0.7572,0.73605,0.37954,1.83204,1.40314,0.01731,2.24837e-05,2.24837e-05,2.24837e-05
1977,2229.38,0.22772,0.08986,0.00102,0.81116,0.75901,0.73605,0.37995,1.83243,1.40171,0.01731,2.1651e-05,2.1651e-05,2.1651e-05
1978,2230.43,0.20313,0.09006,0.00111,0.79795,0.74627,0.71432,0.37749,1.83421,1.40363,0.01732,2.08183e-05,2.08183e-05,2.08183e-05
1979,2231.77,0.20496,0.08328,0.0009,0.79794,0.74701,0.71303,0.37681,1.83202,1.40404,0.01732,1.99857e-05,1.99857e-05,1.99857e-05
1980,2232.94,0.21085,0.10388,0.00114,0.798,0.74748,0.71432,0.37794,1.83247,1.40583,0.01732,1.9153e-05,1.9153e-05,1.9153e-05
1981,2233.98,0.19345,0.07139,0.00098,0.79794,0.74783,0.71432,0.37792,1.83335,1.40682,0.01733,1.83203e-05,1.83203e-05,1.83203e-05
1982,2234.92,0.23243,0.10343,0.00117,0.7978,0.74755,0.71553,0.37778,1.83357,1.40676,0.01733,1.74877e-05,1.74877e-05,1.74877e-05
1983,2235.96,0.20734,0.09858,0.00099,0.79773,0.74712,0.71553,0.37644,1.83652,1.41023,0.01735,1.6655e-05,1.6655e-05,1.6655e-05
1984,2237.21,0.20855,0.09561,0.00116,0.79752,0.74677,0.71553,0.37684,1.83818,1.40972,0.01736,1.58223e-05,1.58223e-05,1.58223e-05
1985,2238.18,0.22,0.08155,0.00093,0.79765,0.74671,0.71553,0.37396,1.83714,1.40957,0.01735,1.49897e-05,1.49897e-05,1.49897e-05
1986,2239.11,0.21777,0.10066,0.00111,0.79772,0.7468,0.71553,0.37494,1.83429,1.40719,0.01735,1.4157e-05,1.4157e-05,1.4157e-05
1987,2240.11,0.19625,0.08424,0.00105,0.7978,0.74695,0.71553,0.37494,1.83331,1.40452,0.01734,1.33243e-05,1.33243e-05,1.33243e-05
1988,2241.04,0.20099,0.08378,0.00086,0.80108,0.7664,0.73143,0.37694,1.83378,1.40387,0.01733,1.24917e-05,1.24917e-05,1.24917e-05
1989,2241.97,0.24655,0.09132,0.00105,0.79865,0.74754,0.72739,0.37579,1.8328,1.40363,0.01731,1.1659e-05,1.1659e-05,1.1659e-05
1990,2242.9,0.20276,0.10188,0.00096,0.80131,0.76662,0.71957,0.37541,1.83442,1.40487,0.01731,1.08263e-05,1.08263e-05,1.08263e-05
1991,2244.5,0.17808,0.07378,0.00089,0.8014,0.76695,0.71878,0.37436,1.83248,1.40522,0.0173,9.99367e-06,9.99367e-06,9.99367e-06
1992,2245.56,0.20613,0.10804,0.00114,0.80153,0.76691,0.71957,0.37534,1.83186,1.40592,0.0173,9.161e-06,9.161e-06,9.161e-06
1993,2246.61,0.24812,0.0847,0.00079,0.7996,0.7477,0.71553,0.37453,1.83099,1.40576,0.0173,8.32833e-06,8.32833e-06,8.32833e-06
1994,2247.69,0.2067,0.10271,0.00146,0.79973,0.74776,0.72739,0.37565,1.83183,1.40512,0.01731,7.49567e-06,7.49567e-06,7.49567e-06
1995,2248.78,0.22133,0.08364,0.00096,0.79923,0.74767,0.71584,0.37484,1.83148,1.40594,0.01732,6.663e-06,6.663e-06,6.663e-06
1996,2249.87,0.16307,0.06498,0.00098,0.79926,0.7479,0.71735,0.37572,1.83195,1.40833,0.01733,5.83033e-06,5.83033e-06,5.83033e-06
1997,2251.04,0.23196,0.08838,0.00135,0.79889,0.74763,0.72921,0.37737,1.83332,1.41021,0.01734,4.99767e-06,4.99767e-06,4.99767e-06
1998,2252.18,0.22629,0.07941,0.00115,0.81165,0.76168,0.7407,0.37892,1.83684,1.41186,0.01736,4.165e-06,4.165e-06,4.165e-06
1999,2253.44,0.2655,0.10079,0.00105,0.79816,0.7476,0.71896,0.37541,1.83337,1.42537,0.01717,3.33233e-06,3.33233e-06,3.33233e-06
2000,2254.7,0.19556,0.08849,0.00088,0.7978,0.74769,0.73082,0.37635,1.83777,1.41545,0.01737,2.49967e-06,2.49967e-06,2.49967e-06
